rok,2022,2023,2024,2025,2026,2027,2028,2029,2030,2031,2032,2035,2040,2045,2050,2055,2060,2065,2070,2075,2080,1. stopa bezrobocia,Unnamed: 0,Unnamed: 1,Unnamed: 2,Unnamed: 3,Unnamed: 4,Unnamed: 5,Unnamed: 6,Unnamed: 7,Unnamed: 8,Unnamed: 9,Unnamed: 10,Unnamed: 11,Unnamed: 12,Unnamed: 13,Unnamed: 14,Unnamed: 15,Unnamed: 16,Unnamed: 17,Unnamed: 18,Unnamed: 19,Unnamed: 20,-74 244-80 552-68 871,"19,23%19,04%19,32%","27,12%27,79%26,48%",-59 575-64 637-55 263,145 016140 586149 015,204 591205 223204 278,wariant nr 1,wariant nr 2,wariant nr 3,"7,7%","7,8%","7,6%",71%69%73%,16 29616 05416 535,6 5806 6286 550,"0,400,410,40",2023 2024,2063,7002027 2025,35%,zmiana względem
1. stopa bezrobocia,,,,,,,,,,,,,,,,,,,,,,,,,,,,,,,,,,,,,,,,,,,,,,,,,,,,,,,,,,,,,,,,
(stan na koniec roku),"5,00%","5,40%","5,00%","5,00%","5,00%","5,00%","5,00%","5,00%","5,00%","5,00%","5,00%","5,00%","5,00%","5,00%","5,00%","5,00%","5,00%","5,00%","5,00%","5,00%","5,00%",,,,,,,,,,,,,,,,,,,,,,,,,,,,,,,,,,,,,,,,,,,
2. średnioroczny wskaźnik cen,,,,,,,,,,,,,,,,,,,,,,,,,,,,,,,,,,,,,,,,,,,,,,,,,,,,,,,,,,,,,,,,
towarów i usług konsumpcyjnych,,,,,,,,,,,,,,,,,,,,,,,,,,,,,,,,,,,,,,,,,,,,,,,,,,,,,,,,,,,,,,,,
ogółem,"113,50%","109,80%","104,80%","103,10%","102,50%","102,50%","102,50%","102,50%","102,50%","102,50%","102,50%","102,50%","102,50%","102,50%","102,50%","102,50%","102,50%","102,50%","102,50%","102,50%","102,50%",,,,,,,,,,,,,,,,,,,,,,,,,,,,,,,,,,,,,,,,,,,
3. średnioroczny wskaźnik cen,,,,,,,,,,,,,,,,,,,,,,,,,,,,,,,,,,,,,,,,,,,,,,,,,,,,,,,,,,,,,,,,
towarów i usług konsumpcyjnych dla,,,,,,,,,,,,,,,,,,,,,,,,,,,,,,,,,,,,,,,,,,,,,,,,,,,,,,,,,,,,,,,,
gospodarstw domowych emerytów i,,,,,,,,,,,,,,,,,,,,,,,,,,,,,,,,,,,,,,,,,,,,,,,,,,,,,,,,,,,,,,,,
rencistów,"113,80%","110,10%","105,10%","103,40%","102,80%","102,80%","102,80%","102,80%","102,80%","102,80%","102,80%","102,80%","102,80%","102,80%","102,80%","102,80%","102,80%","102,80%","102,80%","102,80%","102,80%",,,,,,,,,,,,,,,,,,,,,,,,,,,,,,,,,,,,,,,,,,,
4. wskaźnik realnego wzrostu,,,,,,,,,,,,,,,,,,,,,,,,,,,,,,,,,,,,,,,,,,,,,,,,,,,,,,,,,,,,,,,,
przeciętnego wynagrodzenia,"98,00%","100,30%","103,40%","103,70%","103,50%","103,00%","102,90%","102,90%","102,90%","102,90%","102,90%","102,80%","102,70%","102,60%","102,50%","102,40%","102,40%","102,30%","102,20%","102,10%","102,00%",,,,,,,,,,,,,,,,,,,,,,,,,,,,,,,,,,,,,,,,,,,
,,,,,,,,,,,,,,,,,,,,,,"(stan na koniec roku) 5,00%","5,40%","5,00%","5,00%",,"5,00%","5,00%","5,00%","5,00%","5,00%","5,00%","5,00%","5,00%","5,00%","5,00%","5,00%","5,00%","5,00%","5,00%","5,00%","5,00%","5,00%",,,,,,,,,,,,,,,,,,,,,
,,,,,,,,,,,,,,,,,,,,,,2. średnioroczny wskaźnik cen,,,,,,,,,,,,,,,,,,,,,,,,,,,,,,,,,,,,,,,,,,
,,,,,,,,,,,,,,,,,,,,,,towarów i usług konsumpcyjnych,,,,,,,,,,,,,,,,,,,,,,,,,,,,,,,,,,,,,,,,,,
,,,,,,,,,,,,,,,,,,,,,,"ogółem 113,50%","109,80%","104,80%","103,10%",,"102,50%","102,50%","102,50%","102,50%","102,50%","102,50%","102,50%","102,50%","102,50%","102,50%","102,50%","102,50%","102,50%","102,50%","102,50%","102,50%","102,50%",,,,,,,,,,,,,,,,,,,,,
,,,,,,,,,,,,,,,,,,,,,,3. średnioroczny wskaźnik cen,,,,,,,,,,,,,,,,,,,,,,,,,,,,,,,,,,,,,,,,,,
,,,,,,,,,,,,,,,,,,,,,,towarów i usług konsumpcyjnych dla,,,,,,,,,,,,,,,,,,,,,,,,,,,,,,,,,,,,,,,,,,
,,,,,,,,,,,,,,,,,,,,,,gospodarstw domowych emerytów i,,,,,,,,,,,,,,,,,,,,,,,,,,,,,,,,,,,,,,,,,,
,,,,,,,,,,,,,,,,,,,,,,"rencistów 113,80%","110,10%","105,10%","103,40%",,"102,80%","102,80%","102,80%","102,80%","102,80%","102,80%","102,80%","102,80%","102,80%","102,80%","102,80%","102,80%","102,80%","102,80%","102,80%","102,80%","102,80%",,,,,,,,,,,,,,,,,,,,,
,,,,,,,,,,,,,,,,,,,,,,4. wskaźnik realnego wzrostu,,,,,,,,,,,,,,,,,,,,,,,,,,,,,,,,,,,,,,,,,,
,,,,,,,,,,,,,,,,,,,,,,"przeciętnego wynagrodzenia 98,00%","100,30%","103,40%","103,70%",,"103,50%","103,00%","102,90%","102,90%","102,90%","102,90%","102,90%","102,80%","102,70%","102,60%","102,50%","102,40%","102,40%","102,30%","102,20%","102,10%","102,00%",,,,,,,,,,,,,,,,,,,,,
,,,,,,,,,,,,,,,,,,,,,,"5. wskaźnik realnego wzrostu PKB 104,60%","101,70%","103,10%","103,10%",,"102,90%","102,90%","102,90%","102,80%","102,70%","102,70%","102,60%","102,40%","102,00%","101,60%","101,40%","101,40%","101,60%","101,70%","101,50%","101,30%","101,20%",,,,,,,,,,,,,,,,,,,,,
,,,,,,,,,,,,,,,,,,,,,,"6. ściągalność składek 99,00%","99,00%","99,00%","99,00%",,"99,00%","99,00%","99,00%","99,00%","99,00%","99,00%","99,00%","99,00%","99,00%","99,00%","99,00%","99,00%","99,00%","99,00%","99,00%","99,00%","99,00%",,,,,,,,,,,,,,,,,,,,,
,,,,,,,,,,,,,,,,,,,,,,Tabela 1.2.  Wybrane parametry - wariant nr 2,,,,,,,,,,,,,,,,,,,,,,,,,,,,,,,,,,,,,,,,,,
,,,,,,,,,,,,,,,,,,,,,,wersja prognozy demograficznej: Prognoza Ministerstwa Finansów z 2022 r.,,,,,,,,,,,,,,,,,,,,,,,,,,,,,,,,,,,,,,,,,,
,,,,,,,,,,,,,,,,,,,,,,rok 2022,2023,2024,2025,,2026,2027,2028,2029,2030,2031,2032,2035,2040,2045,2050,2055,2060,2065,2070,2075,2080,,,,,,,,,,,,,,,,,,,,,
,,,,,,,,,,,,,,,,,,,,,,1. stopa bezrobocia,,,,,,,,,,,,,,,,,,,,,,,,,,,,,,,,,,,,,,,,,,
,,,,,,,,,,,,,,,,,,,,,,"(stan na koniec roku) 5,50%","6,00%","6,00%","6,00%",,"6,00%","6,00%","6,00%","6,00%","6,00%","6,00%","6,00%","6,00%","6,00%","6,00%","6,00%","6,00%","6,00%","6,00%","6,00%","6,00%","6,00%",,,,,,,,,,,,,,,,,,,,,
,,,,,,,,,,,,,,,,,,,,,,2. średnioroczny wskaźnik cen,,,,,,,,,,,,,,,,,,,,,,,,,,,,,,,,,,,,,,,,,,
,,,,,,,,,,,,,,,,,,,,,,towarów i usług konsumpcyjnych,,,,,,,,,,,,,,,,,,,,,,,,,,,,,,,,,,,,,,,,,,
,,,,,,,,,,,,,,,,,,,,,,"ogółem 113,50%","109,80%","104,80%","103,10%",,"102,50%","102,50%","102,50%","102,50%","102,50%","102,50%","102,50%","102,50%","102,50%","102,50%","102,50%","102,50%","102,50%","102,50%","102,50%","102,50%","102,50%",,,,,,,,,,,,,,,,,,,,,
,,,,,,,,,,,,,,,,,,,,,,3. średnioroczny wskaźnik cen,,,,,,,,,,,,,,,,,,,,,,,,,,,,,,,,,,,,,,,,,,
,,,,,,,,,,,,,,,,,,,,,,towarów i usług konsumpcyjnych dla,,,,,,,,,,,,,,,,,,,,,,,,,,,,,,,,,,,,,,,,,,
,,,,,,,,,,,,,,,,,,,,,,gospodarstw domowych emerytów i,,,,,,,,,,,,,,,,,,,,,,,,,,,,,,,,,,,,,,,,,,
,,,,,,,,,,,,,,,,,,,,,,"rencistów 113,80%","110,10%","105,10%","103,40%",,"102,80%","102,80%","102,80%","102,80%","102,80%","102,80%","102,80%","102,80%","102,80%","102,80%","102,80%","102,80%","102,80%","102,80%","102,80%","102,80%","102,80%",,,,,,,,,,,,,,,,,,,,,
,,,,,,,,,,,,,,,,,,,,,,4. wskaźnik realnego wzrostu,,,,,,,,,,,,,,,,,,,,,,,,,,,,,,,,,,,,,,,,,,
,,,,,,,,,,,,,,,,,,,,,,"przeciętnego wynagrodzenia 97,50%","99,80%","102,90%","103,00%",,"102,80%","102,50%","102,40%","102,40%","102,40%","102,40%","102,40%","102,30%","102,20%","102,10%","101,90%","101,80%","101,70%","101,60%","101,50%","101,40%","101,20%",,,,,,,,,,,,,,,,,,,,,
,,,,,,,,,,,,,,,,,,,,,,"5. wskaźnik realnego wzrostu PKB 104,20%","101,40%","102,80%","102,80%",,"102,60%","102,50%","102,50%","102,50%","102,40%","102,40%","102,30%","102,00%","101,60%","101,20%","101,00%","101,00%","101,20%","101,30%","101,10%","100,80%","100,70%",,,,,,,,,,,,,,,,,,,,,
,,,,,,,,,,,,,,,,,,,,,,"6. ściągalność składek 99,00%","98,00%","98,00%","98,00%",,"98,00%","98,00%","98,00%","98,00%","98,00%","98,00%","98,00%","98,00%","98,00%","98,00%","98,00%","98,00%","98,00%","98,00%","98,00%","98,00%","98,00%",,,,,,,,,,,,,,,,,,,,,
1. stopa bezrobocia,,,,,,,,,,,,,,,,,,,,,,,,,,,,,,,,,,,,,,,,,,,,,,,,,,,,,,,,,,,,,,,,
(stan na koniec roku),"4,80%","5,00%","4,70%","4,60%","4,40%","4,20%","4,20%","4,20%","4,20%","4,20%","4,20%","4,20%","4,20%","4,20%","4,20%","4,20%","4,20%","4,20%","4,20%","4,20%","4,20%",,,,,,,,,,,,,,,,,,,,,,,,,,,,,,,,,,,,,,,,,,,
2. średnioroczny wskaźnik cen,,,,,,,,,,,,,,,,,,,,,,,,,,,,,,,,,,,,,,,,,,,,,,,,,,,,,,,,,,,,,,,,
towarów i usług konsumpcyjnych,,,,,,,,,,,,,,,,,,,,,,,,,,,,,,,,,,,,,,,,,,,,,,,,,,,,,,,,,,,,,,,,
ogółem,"113,50%","109,80%","104,80%","103,10%","102,50%","102,50%","102,50%","102,50%","102,50%","102,50%","102,50%","102,50%","102,50%","102,50%","102,50%","102,50%","102,50%","102,50%","102,50%","102,50%","102,50%",,,,,,,,,,,,,,,,,,,,,,,,,,,,,,,,,,,,,,,,,,,
3. średnioroczny wskaźnik cen,,,,,,,,,,,,,,,,,,,,,,,,,,,,,,,,,,,,,,,,,,,,,,,,,,,,,,,,,,,,,,,,
towarów i usług konsumpcyjnych dla,,,,,,,,,,,,,,,,,,,,,,,,,,,,,,,,,,,,,,,,,,,,,,,,,,,,,,,,,,,,,,,,
gospodarstw domowych emerytów i,,,,,,,,,,,,,,,,,,,,,,,,,,,,,,,,,,,,,,,,,,,,,,,,,,,,,,,,,,,,,,,,
rencistów,"113,80%","110,10%","105,10%","103,40%","102,80%","102,80%","102,80%","102,80%","102,80%","102,80%","102,80%","102,80%","102,80%","102,80%","102,80%","102,80%","102,80%","102,80%","102,80%","102,80%","102,80%",,,,,,,,,,,,,,,,,,,,,,,,,,,,,,,,,,,,,,,,,,,
4. wskaźnik realnego wzrostu,,,,,,,,,,,,,,,,,,,,,,,,,,,,,,,,,,,,,,,,,,,,,,,,,,,,,,,,,,,,,,,,
przeciętnego wynagrodzenia,"98,50%","100,80%","103,70%","104,00%","103,80%","103,40%","103,40%","103,40%","103,40%","103,40%","103,30%","103,30%","103,20%","103,20%","103,10%","103,10%","103,00%","102,90%","102,90%","102,80%","102,80%",,,,,,,,,,,,,,,,,,,,,,,,,,,,,,,,,,,,,,,,,,,
,37 915,,,37 419,,,,,36 604,,,,35 273,,34 121,,32 543,,30 575,,28 249,,Populacja ogółem,,,,,,,,,,,,,,,,,,,,,,,,,,,,,,,,,,,,,,,,,
,,,,,,,,,,,,,,,,,,,,,,,z tego:,,,,,,,,,,,,,,,,,,,,,,,,,,,,,,,,,,,,,,,,,
,6 905,,,6 673,,,,,6 035,,,,5 221,,5 255,,4 853,,4 339,,4 229,,-w wieku przedprodukcyjnym,,,,,,,,,,,,,,,,,,,,,,,,,,,,,,,,,,,,,,,,,
,22 307,,,21 817,,,,,21 386,,,,19 694,,16 886,,15 345,,14 523,,13 061,,-w wieku produkcyjnym,,,,,,,,,,,,,,,,,,,,,,,,,,,,,,,,,,,,,,,,,
,8 703,,,8 929,,,,,9 184,,,,10 358,,11 981,,12 345,,11 713,,10 960,,-w wieku poprodukcyjnym,,,,,,,,,,,,,,,,,,,,,,,,,,,,,,,,,,,,,,,,,
,,,,,,,,,,,,,,,,,,,,,,,pulacja:,,,,,,,,,,,,,,,,,,,,,,,,,,,,,,,,,,,,,,,,,
,"18,2%",,,"17,8%",,,,,"16,5%",,,,"14,8%",,"15,4%",,"14,9%",,"14,2%",,"15,0%",,-w wieku przedprodukcyjnym,,,,,,,,,,,,,,,,,,,,,,,,,,,,,,,,,,,,,,,,,
,"58,8%",,,"58,3%",,,,,"58,4%",,,,"55,8%",,"49,5%",,"47,2%",,"47,5%",,"46,2%",,-w wieku produkcyjnym,,,,,,,,,,,,,,,,,,,,,,,,,,,,,,,,,,,,,,,,,
,"23,0%",,,"23,9%",,,,,"25,1%",,,,"29,4%",,"35,1%",,"37,9%",,"38,3%",,"38,8%",,-w wieku poprodukcyjnym,,,,,,,,,,,,,,,,,,,,,,,,,,,,,,,,,,,,,,,,,
,,,,,2028.0,,,,,,,,,,,,,,,,,,1 200,,,,,,,,,,,,,,,,,,,,,,,,,,,,,,,,,,,,,,,,,
,,,,,2030.0,,,,,,,,,,,,,,,,,,1 000,,,,,,,,,,,,,,,,,,,,,,,,,,,,,,,,,,,,,,,,,
,,,,,2032.0,,,,,,,,,,,,,,,,,,,,,,,,,,,,,,,,,,,,,,,,,,,,,,,,,,,,,,,,,,,
,,,,,,,,,,,,,,,,,,,,,,,800,,,,,,,,,,,,,,,,,,,,,,,,,,,,,,,,,,,,,,,,,
,,,,,2034.0,,,,,,,,,,,,,,,,,,,,,,,,,,,,,,,,,,,,,,,,,,,,,,,,,,,,,,,,,,,
,,,,,2036.0,,,,,,,,,,,,,,,,,,600,,,,,,,,,,,,,,,,,,,,,,,,,,,,,,,,,,,,,,,,,
,,,,,2038.0,,,,,,,,,,,,,,,,,,,,,,,,,,,,,,,,,,,,,,,,,,,,,,,,,,,,,,,,,,,
,,,,,,,,,,,,,,,,,,,,,,,400,,,,,,,,,,,,,,,,,,,,,,,,,,,,,,,,,,,,,,,,,
,,,,,2040.0,,,,,,,,,,,,,,,,,,,,,,,,,,,,,,,,,,,,,,,,,,,,,,,,,,,,,,,,,,,
,,,,,2042.0,,,,,,,,,,,,,,,,,,200,,,,,,,,,,,,,,,,,,,,,,,,,,,,,,,,,,,,,,,,,
,,,,,2044.0,,,,,,,,,,,,,,,,,,0,,,,,,,,,,,,,,,,,,,,,,,,,,,,,,,,,,,,,,,,,
,,,,,2046.0,,,,,,,,,,,,,,,,,,,,,,,,,,,,,,,,,,,,,,,,,,,,,,,,,,,,,,,,,,,
,,,,,2048.0,,,,,,,,,,,,,,,,,,,,,,,,,,,,,,,,,,,,,,,,,,,,,,,,,,,,,,,,,,,
,,,,,2050.0,,,,,,,,,,,,,,,,,,,,,,,,,,,,,,,,,,,,,,,,,,,,,,,,,,,,,,,,,,,
,,,,,2052.0,,,,,,,,,,,,,,,,,,Liczba osób w wieku poprodukcyjnym na 1000 osób w wieku produkcyjnym,,,,,,,,,,,,,,,,,,,,,,,,,,,,,,,,,,,,,,,,,
,,,,,,,,,,,,,,,,,,,,,,,Liczba osób w wieku nieprodukcyjnym na 1000 osób w wieku produkcyjnym,,,,,,,,,,,,,,,,,,,,,,,,,,,,,,,,,,,,,,,,,
,,,,,2054.0,,,,,,,,,,,,,,,,,,,,,,,,,,,,,,,,,,,,,,,,,,,,,,,,,,,,,,,,,,,
,,,,,2056.0,,,,,,,,,,,,,,,,,,,,,,,,,,,,,,,,,,,,,,,,,,,,,,,,,,,,,,,,,,,
,,,,,,,,,,,,,,,,,,,,,,,Źródło: obliczenia własne na podstawie prognozy demograficznej przygotowanej przez Ministerstwo,,,,,,,,,,,,,,,,,,,,,,,,,,,,,,,,,,,,,,,,,
,,,,,2058.0,,,,,,,,,,,,,,,,,,,,,,,,,,,,,,,,,,,,,,,,,,,,,,,,,,,,,,,,,,,
,,,,,,,,,,,,,,,,,,,,,,,Finansów w 2022 r. dla potrzeb długoterminowych założeń makroekonomicznych.,,,,,,,,,,,,,,,,,,,,,,,,,,,,,,,,,,,,,,,,,
,,,,,2060.0,,,,,,,,,,,,,,,,,,,,,,,,,,,,,,,,,,,,,,,,,,,,,,,,,,,,,,,,,,,
,,,,,2062.0,,,,,,,,,,,,,,,,,,,,,,,,,,,,,,,,,,,,,,,,,,,,,,,,,,,,,,,,,,,
,,,,,,,,,,,,,,,,,,,,,,,"Starzenie się społeczeństwa Polski oznacza, że Polacy będą średnio coraz starsi. Mediana",,,,,,,,,,,,,,,,,,,,,,,,,,,,,,,,,,,,,,,,,
,,,,,2064.0,,,,,,,,,,,,,,,,,,,,,,,,,,,,,,,,,,,,,,,,,,,,,,,,,,,,,,,,,,,
,,,,,2066.0,,,,,,,,,,,,,,,,,,"wieku (wyznaczająca granicę wieku, którą połowa populacji już przekroczyła, a druga połowa",,,,,,,,,,,,,,,,,,,,,,,,,,,,,,,,,,,,,,,,,
,,,,,2068.0,,,,,,,,,,,,,,,,,,"jeszcze nie osiągnęła) rośnie osiągając w 2073 r. ponad 53,5 roku, tzn. poziom o 11,2 roku",,,,,,,,,,,,,,,,,,,,,,,,,,,,,,,,,,,,,,,,,
,,,,,2070.0,,,,,,,,,,,,,,,,,,"wyższy niż w 2022 r. Po 2073 r. mediana wieku maleje i w 2080 r. osiąga poziom 53,0 lat.",,,,,,,,,,,,,,,,,,,,,,,,,,,,,,,,,,,,,,,,,
,,,,,,,,,,,,,,,,,,,,,,,,,,,,,,,,,,,,,,,,,,,,-95 409-105 603-87 844,,,,,,,,,,,,,,,,,,,,
,,,,,,,,,,,,,,,,,,,,,,,,,,,,,,,,,,,,,,,,,,,,-108 900-122 239-99 458,,,,,,,,,,,,,,,,,,,,
,,,,,,,,,,,,,,,,,,,,,,,,,,,,,,,,,,,,,,,,,,,,-118 049-133 890-106 453,,,,,,,,,,,,,,,,,,,,
,,,,,,,,,,,,,,,,,,,,,,,,,,,,,,,,,,,,,,,,,,,,-125 365-143 176-111 279,,,,,,,,,,,,,,,,,,,,
,,,,,,,,,,,,,,,,,,,,,,,,,,,,,,,,,,,,,,,,,,,,-131 593-151 223-115 250,,,,,,,,,,,,,,,,,,,,
,,,,,,,,,,,,,,,,,,,,,,,,,,,,,,,,,,,,,,,,,,,,-136 815-158 079-118 697,,,,,,,,,,,,,,,,,,,,
,,,,,,,,,,,,,,,,,,,,,,,,,,,,,,,,,,,,,,,,,,,,-141 843-164 766-121 898,,,,,,,,,,,,,,,,,,,,
,,,,,,,,,,,,,,,,,,,,,,,,,,,,,,,,,,,,,,,,,,,,-144 842-169 498-122 859,,,,,,,,,,,,,,,,,,,,
,,,,,,,,,,,,,,,,,,,,,,,,,,,,,,,,,,,,,,,,,,,,-146 984-173 484-123 035,,,,,,,,,,,,,,,,,,,,
,,,,,,,,,,,,,,,,,,,,,,,,,,,,,,,,,,,,,,,,,,,,-153 997-186 478-122 649,,,,,,,,,,,,,,,,,,,,
,,,,,,,,,,,,,,,,,,,,,,,,,,,,,,,,,,,,,,,,,,,,-165 625-209 107-120 173,,,,,,,,,,,,,,,,,,,,
,,,,,,,,,,,,,,,,,,,,,,,,,,,,,,,,,,,,,,,,,,,,-194 829-249 044-131 352,,,,,,,,,,,,,,,,,,,,
,,,,,,,,,,,,,,,,,,,,,,,,,,,,,,,,,,,,,,,,,,,,-231 366-294 406-151 619,,,,,,,,,,,,,,,,,,,,
,,,,,,,,,,,,,,,,,,,,,,,,,,,,,,,,,,,,,,,,,,,,-258 254-331 741-158 427,,,,,,,,,,,,,,,,,,,,
,,,,,,,,,,,,,,,,,,,,,,,,,,,,,,,,,,,,,,,,,,,,-261 766-352 716-128 913,,,,,,,,,,,,,,,,,,,,
,,,,,,,,,,,,,,,,,,,,,,,,,,,,,,,,,,,,,,,,,,,,-230 572-351 552-40 161,,,,,,,,,,,,,,,,,,,,
,,,,,,,,,,,,,,,,,,,,,,,,,,,,,,,,,,,,,,,,,,,,-200 597-358 46264 459,,,,,,,,,,,,,,,,,,,,
,,,,,,,,,,,,,,,,,,,,,,,,,,,,,,,,,,,,,,,,,,,,-214 704-403 983130 709,,,,,,,,,,,,,,,,,,,,
,,,,,,,,,,,,,,,,,,,,,,,,,,,,,,,,,,,,,,,,,,,,-272 925-484 371159 058,,,,,,,,,,,,,,,,,,,,
,,,,,,,,,,,,,,,,,,,,,,,,,,,,,,,,,,,,,,,,,,,,,"19,24%19,05%19,33%",,,,,,,,,,,,,,,,,,,
,,,,,,,,,,,,,,,,,,,,,,,,,,,,,,,,,,,,,,,,,,,,,"19,25%19,07%19,34%",,,,,,,,,,,,,,,,,,,
,,,,,,,,,,,,,,,,,,,,,,,,,,,,,,,,,,,,,,,,,,,,,"19,29%19,11%19,38%",,,,,,,,,,,,,,,,,,,
,,,,,,,,,,,,,,,,,,,,,,,,,,,,,,,,,,,,,,,,,,,,,"19,33%19,15%19,42%",,,,,,,,,,,,,,,,,,,
,,,,,,,,,,,,,,,,,,,,,,,,,,,,,,,,,,,,,,,,,,,,,"19,38%19,21%19,47%",,,,,,,,,,,,,,,,,,,
,,,,,,,,,,,,,,,,,,,,,,,,,,,,,,,,,,,,,,,,,,,,,"19,43%19,26%19,52%",,,,,,,,,,,,,,,,,,,
,,,,,,,,,,,,,,,,,,,,,,,,,,,,,,,,,,,,,,,,,,,,,"19,48%19,31%19,57%",,,,,,,,,,,,,,,,,,,
,,,,,,,,,,,,,,,,,,,,,,,,,,,,,,,,,,,,,,,,,,,,,"19,53%19,36%19,61%",,,,,,,,,,,,,,,,,,,
,,,,,,,,,,,,,,,,,,,,,,,,,,,,,,,,,,,,,,,,,,,,,"19,57%19,41%19,66%",,,,,,,,,,,,,,,,,,,
,,,,,,,,,,,,,,,,,,,,,,,,,,,,,,,,,,,,,,,,,,,,,"19,67%19,51%19,75%",,,,,,,,,,,,,,,,,,,
,,,,,,,,,,,,,,,,,,,,,,,,,,,,,,,,,,,,,,,,,,,,,"19,64%19,47%19,72%",,,,,,,,,,,,,,,,,,,
,,,,,,,,,,,,,,,,,,,,,,,,,,,,,,,,,,,,,,,,,,,,,"19,40%19,22%19,48%",,,,,,,,,,,,,,,,,,,
,,,,,,,,,,,,,,,,,,,,,,,,,,,,,,,,,,,,,,,,,,,,,"19,12%18,93%19,21%",,,,,,,,,,,,,,,,,,,
,,,,,,,,,,,,,,,,,,,,,,,,,,,,,,,,,,,,,,,,,,,,,"18,99%18,80%19,09%",,,,,,,,,,,,,,,,,,,
,,,,,,,,,,,,,,,,,,,,,,,,,,,,,,,,,,,,,,,,,,,,,"18,97%18,78%19,07%",,,,,,,,,,,,,,,,,,,
,,,,,,,,,,,,,,,,,,,,,,,,,,,,,,,,,,,,,,,,,,,,,"18,97%18,78%19,07%",,,,,,,,,,,,,,,,,,,
,,,,,,,,,,,,,,,,,,,,,,,,,,,,,,,,,,,,,,,,,,,,,"18,97%18,78%19,07%",,,,,,,,,,,,,,,,,,,
,,,,,,,,,,,,,,,,,,,,,,,,,,,,,,,,,,,,,,,,,,,,,"18,97%18,78%19,07%",,,,,,,,,,,,,,,,,,,
,,,,,,,,,,,,,,,,,,,,,,,,,,,,,,,,,,,,,,,,,,,,,"18,97%18,78%19,07%",,,,,,,,,,,,,,,,,,,
,,,,,,,,,,,,,,,,,,,,,,,,,,,,,,,,,,,,,,,,,,,,,,"28,63%29,81%27,72%",,,,,,,,,,,,,,,,,,
,,,,,,,,,,,,,,,,,,,,,,,,,,,,,,,,,,,,,,,,,,,,,,"29,31%30,88%28,21%",,,,,,,,,,,,,,,,,,
,,,,,,,,,,,,,,,,,,,,,,,,,,,,,,,,,,,,,,,,,,,,,,"29,60%31,46%28,29%",,,,,,,,,,,,,,,,,,
,,,,,,,,,,,,,,,,,,,,,,,,,,,,,,,,,,,,,,,,,,,,,,"29,76%31,82%28,22%",,,,,,,,,,,,,,,,,,
,,,,,,,,,,,,,,,,,,,,,,,,,,,,,,,,,,,,,,,,,,,,,,"29,83%32,07%28,09%",,,,,,,,,,,,,,,,,,
,,,,,,,,,,,,,,,,,,,,,,,,,,,,,,,,,,,,,,,,,,,,,,"29,80%32,17%27,93%",,,,,,,,,,,,,,,,,,
,,,,,,,,,,,,,,,,,,,,,,,,,,,,,,,,,,,,,,,,,,,,,,"29,73%32,23%27,75%",,,,,,,,,,,,,,,,,,
,,,,,,,,,,,,,,,,,,,,,,,,,,,,,,,,,,,,,,,,,,,,,,"29,50%32,11%27,42%",,,,,,,,,,,,,,,,,,
,,,,,,,,,,,,,,,,,,,,,,,,,,,,,,,,,,,,,,,,,,,,,,"29,20%31,90%27,04%",,,,,,,,,,,,,,,,,,
,,,,,,,,,,,,,,,,,,,,,,,,,,,,,,,,,,,,,,,,,,,,,,"28,40%31,36%25,99%",,,,,,,,,,,,,,,,,,
,,,,,,,,,,,,,,,,,,,,,,,,,,,,,,,,,,,,,,,,,,,,,,"27,12%30,43%24,42%",,,,,,,,,,,,,,,,,,
,,,,,,,,,,,,,,,,,,,,,,,,,,,,,,,,,,,,,,,,,,,,,,"26,57%30,25%23,51%",,,,,,,,,,,,,,,,,,
,,,,,,,,,,,,,,,,,,,,,,,,,,,,,,,,,,,,,,,,,,,,,,"26,19%30,14%22,93%",,,,,,,,,,,,,,,,,,
,,,,,,,,,,,,,,,,,,,,,,,,,,,,,,,,,,,,,,,,,,,,,,"25,55%29,67%22,21%",,,,,,,,,,,,,,,,,,
,,,,,,,,,,,,,,,,,,,,,,,,,,,,,,,,,,,,,,,,,,,,,,"24,45%28,64%21,10%",,,,,,,,,,,,,,,,,,
,,,,,,,,,,,,,,,,,,,,,,,,,,,,,,,,,,,,,,,,,,,,,,"22,91%27,08%19,57%",,,,,,,,,,,,,,,,,,
,,,,,,,,,,,,,,,,,,,,,,,,,,,,,,,,,,,,,,,,,,,,,,"21,78%25,97%18,44%",,,,,,,,,,,,,,,,,,
,,,,,,,,,,,,,,,,,,,,,,,,,,,,,,,,,,,,,,,,,,,,,,"21,46%25,77%18,05%",,,,,,,,,,,,,,,,,,
,,,,,,,,,,,,,,,,,,,,,,,,,,,,,,,,,,,,,,,,,,,,,,"21,63%26,10%18,07%",,,,,,,,,,,,,,,,,,
,,,,,,,,,,,,,,,,,,,,,,,,,,,,,,,,,,,,,,,,,,,,,,,-73 052-80 857-67 260,,,,,,,,,,,,,,,,,
,,,,,,,,,,,,,,,,,,,,,,,,,,,,,,,,,,,,,,,,,,,,,,,-80 874-90 780-73 862,,,,,,,,,,,,,,,,,
,,,,,,,,,,,,,,,,,,,,,,,,,,,,,,,,,,,,,,,,,,,,,,,-85 530-97 008-77 129,,,,,,,,,,,,,,,,,
,,,,,,,,,,,,,,,,,,,,,,,,,,,,,,,,,,,,,,,,,,,,,,,-88 616-101 206-78 659,,,,,,,,,,,,,,,,,
,,,,,,,,,,,,,,,,,,,,,,,,,,,,,,,,,,,,,,,,,,,,,,,-90 749-104 287-79 479,,,,,,,,,,,,,,,,,
,,,,,,,,,,,,,,,,,,,,,,,,,,,,,,,,,,,,,,,,,,,,,,,-92 049-106 356-79 859,,,,,,,,,,,,,,,,,
,,,,,,,,,,,,,,,,,,,,,,,,,,,,,,,,,,,,,,,,,,,,,,,-93 104-108 151-80 013,,,,,,,,,,,,,,,,,
,,,,,,,,,,,,,,,,,,,,,,,,,,,,,,,,,,,,,,,,,,,,,,,-92 754-108 544-78 677,,,,,,,,,,,,,,,,,
,,,,,,,,,,,,,,,,,,,,,,,,,,,,,,,,,,,,,,,,,,,,,,,-91 830-108 386-76 867,,,,,,,,,,,,,,,,,
,,,,,,,,,,,,,,,,,,,,,,,,,,,,,,,,,,,,,,,,,,,,,,,-89 342-108 186-71 155,,,,,,,,,,,,,,,,,
,,,,,,,,,,,,,,,,,,,,,,,,,,,,,,,,,,,,,,,,,,,,,,,-84 928-107 224-61 621,,,,,,,,,,,,,,,,,
,,,,,,,,,,,,,,,,,,,,,,,,,,,,,,,,,,,,,,,,,,,,,,,-88 299-112 871-59 531,,,,,,,,,,,,,,,,,
,,,,,,,,,,,,,,,,,,,,,,,,,,,,,,,,,,,,,,,,,,,,,,,-92 680-117 932-60 735,,,,,,,,,,,,,,,,,
,,,,,,,,,,,,,,,,,,,,,,,,,,,,,,,,,,,,,,,,,,,,,,,-91 435-117 453-56 091,,,,,,,,,,,,,,,,,
,,,,,,,,,,,,,,,,,,,,,,,,,,,,,,,,,,,,,,,,,,,,,,,-81 914-110 375-40 341,,,,,,,,,,,,,,,,,
,,,,,,,,,,,,,,,,,,,,,,,,,,,,,,,,,,,,,,,,,,,,,,,-63 773-97 234-11 108,,,,,,,,,,,,,,,,,
,,,,,,,,,,,,,,,,,,,,,,,,,,,,,,,,,,,,,,,,,,,,,,,-49 038-87 63015 758,,,,,,,,,,,,,,,,,
,,,,,,,,,,,,,,,,,,,,,,,,,,,,,,,,,,,,,,,,,,,,,,,-46 391-87 28728 242,,,,,,,,,,,,,,,,,
,,,,,,,,,,,,,,,,,,,,,,,,,,,,,,,,,,,,,,,,,,,,,,,-52 121-92 50130 376,,,,,,,,,,,,,,,,,
,,,,,,,,,,,,,,,,,,,,,,,,,,,,,,,,,,,,,,,,,,,,,,,,149 587143 220154 773,,,,,,,,,,,,,,,,
,,,,,,,,,,,,,,,,,,,,,,,,,,,,,,,,,,,,,,,,,,,,,,,,154 870146 649161 204,,,,,,,,,,,,,,,,
,,,,,,,,,,,,,,,,,,,,,,,,,,,,,,,,,,,,,,,,,,,,,,,,159 886150 040167 616,,,,,,,,,,,,,,,,
,,,,,,,,,,,,,,,,,,,,,,,,,,,,,,,,,,,,,,,,,,,,,,,,164 175152 995173 552,,,,,,,,,,,,,,,,
,,,,,,,,,,,,,,,,,,,,,,,,,,,,,,,,,,,,,,,,,,,,,,,,168 311155 786179 373,,,,,,,,,,,,,,,,
,,,,,,,,,,,,,,,,,,,,,,,,,,,,,,,,,,,,,,,,,,,,,,,,172 637158 736185 273,,,,,,,,,,,,,,,,
,,,,,,,,,,,,,,,,,,,,,,,,,,,,,,,,,,,,,,,,,,,,,,,,177 027161 721191 290,,,,,,,,,,,,,,,,
,,,,,,,,,,,,,,,,,,,,,,,,,,,,,,,,,,,,,,,,,,,,,,,,181 710164 940197 741,,,,,,,,,,,,,,,,
,,,,,,,,,,,,,,,,,,,,,,,,,,,,,,,,,,,,,,,,,,,,,,,,186 727168 425204 487,,,,,,,,,,,,,,,,
,,,,,,,,,,,,,,,,,,,,,,,,,,,,,,,,,,,,,,,,,,,,,,,,201 309178 090225 157,,,,,,,,,,,,,,,,
,,,,,,,,,,,,,,,,,,,,,,,,,,,,,,,,,,,,,,,,,,,,,,,,223 066190 677258 416,,,,,,,,,,,,,,,,
,,,,,,,,,,,,,,,,,,,,,,,,,,,,,,,,,,,,,,,,,,,,,,,,238 706196 627288 009,,,,,,,,,,,,,,,,
,,,,,,,,,,,,,,,,,,,,,,,,,,,,,,,,,,,,,,,,,,,,,,,,250 843199 282313 901,,,,,,,,,,,,,,,,
,,,,,,,,,,,,,,,,,,,,,,,,,,,,,,,,,,,,,,,,,,,,,,,,264 754203 071342 497,,,,,,,,,,,,,,,,
,,,,,,,,,,,,,,,,,,,,,,,,,,,,,,,,,,,,,,,,,,,,,,,,283 504210 123379 012,,,,,,,,,,,,,,,,
,,,,,,,,,,,,,,,,,,,,,,,,,,,,,,,,,,,,,,,,,,,,,,,,307 417220 006425 840,,,,,,,,,,,,,,,,
,,,,,,,,,,,,,,,,,,,,,,,,,,,,,,,,,,,,,,,,,,,,,,,,331 936228 924476 830,,,,,,,,,,,,,,,,
,,,,,,,,,,,,,,,,,,,,,,,,,,,,,,,,,,,,,,,,,,,,,,,,353 794234 586528 172,,,,,,,,,,,,,,,,
,,,,,,,,,,,,,,,,,,,,,,,,,,,,,,,,,,,,,,,,,,,,,,,,372 457237 354579 079,,,,,,,,,,,,,,,,
,,,,,,,,,,,,,,,,,,,,,,,,,,,,,,,,,,,,,,,,,,,,,,,,,222 639224 077222 033,,,,,,,,,,,,,,,
,,,,,,,,,,,,,,,,,,,,,,,,,,,,,,,,,,,,,,,,,,,,,,,,,235 744237 429235 066,,,,,,,,,,,,,,,
,,,,,,,,,,,,,,,,,,,,,,,,,,,,,,,,,,,,,,,,,,,,,,,,,245 416247 048244 745,,,,,,,,,,,,,,,
,,,,,,,,,,,,,,,,,,,,,,,,,,,,,,,,,,,,,,,,,,,,,,,,,252 791254 201252 211,,,,,,,,,,,,,,,
,,,,,,,,,,,,,,,,,,,,,,,,,,,,,,,,,,,,,,,,,,,,,,,,,259 061260 073258 851,,,,,,,,,,,,,,,
,,,,,,,,,,,,,,,,,,,,,,,,,,,,,,,,,,,,,,,,,,,,,,,,,264 686265 092265 133,,,,,,,,,,,,,,,
,,,,,,,,,,,,,,,,,,,,,,,,,,,,,,,,,,,,,,,,,,,,,,,,,270 131269 872271 303,,,,,,,,,,,,,,,
,,,,,,,,,,,,,,,,,,,,,,,,,,,,,,,,,,,,,,,,,,,,,,,,,274 463273 484276 418,,,,,,,,,,,,,,,
,,,,,,,,,,,,,,,,,,,,,,,,,,,,,,,,,,,,,,,,,,,,,,,,,278 557276 811281 355,,,,,,,,,,,,,,,
,,,,,,,,,,,,,,,,,,,,,,,,,,,,,,,,,,,,,,,,,,,,,,,,,290 651286 276296 312,,,,,,,,,,,,,,,
,,,,,,,,,,,,,,,,,,,,,,,,,,,,,,,,,,,,,,,,,,,,,,,,,307 993297 901320 037,,,,,,,,,,,,,,,
,,,,,,,,,,,,,,,,,,,,,,,,,,,,,,,,,,,,,,,,,,,,,,,,,327 005309 498347 539,,,,,,,,,,,,,,,
,,,,,,,,,,,,,,,,,,,,,,,,,,,,,,,,,,,,,,,,,,,,,,,,,343 523317 215374 636,,,,,,,,,,,,,,,
,,,,,,,,,,,,,,,,,,,,,,,,,,,,,,,,,,,,,,,,,,,,,,,,,356 189320 524398 588,,,,,,,,,,,,,,,
,,,,,,,,,,,,,,,,,,,,,,,,,,,,,,,,,,,,,,,,,,,,,,,,,365 418320 498419 353,,,,,,,,,,,,,,,
,,,,,,,,,,,,,,,,,,,,,,,,,,,,,,,,,,,,,,,,,,,,,,,,,371 190317 240436 947,,,,,,,,,,,,,,,
,,,,,,,,,,,,,,,,,,,,,,,,,,,,,,,,,,,,,,,,,,,,,,,,,380 974316 553461 073,,,,,,,,,,,,,,,
,,,,,,,,,,,,,,,,,,,,,,,,,,,,,,,,,,,,,,,,,,,,,,,,,400 185321 873499 930,,,,,,,,,,,,,,,
,,,,,,,,,,,,,,,,,,,,,,,,,,,,,,,,,,,,,,,,,,,,,,,,,424 578329 855548 703,,,,,,,,,,,,,,,
2023,,,,,,,,,,,,,,,,,,,,,,,,,,,,,,,,,,,,,,,,,,,,,,,,,,"-2,2%","-2,4%","-2,1%",,,,,,,,,,,,
2024,,,,,,,,,,,,,,,,,,,,,,,,,,,,,,,,,,,,,,,,,,,,,,,,,,"-2,7%","-3,0%","-2,4%",,,,,,,,,,,,
2025,,,,,,,,,,,,,,,,,,,,,,,,,,,,,,,,,,,,,,,,,,,,,,,,,,"-2,9%","-3,2%","-2,6%",,,,,,,,,,,,
2026,,,,,,,,,,,,,,,,,,,,,,,,,,,,,,,,,,,,,,,,,,,,,,,,,,"-2,9%","-3,4%","-2,6%",,,,,,,,,,,,
2027,,,,,,,,,,,,,,,,,,,,,,,,,,,,,,,,,,,,,,,,,,,,,,,,,,"-2,9%","-3,4%","-2,6%",,,,,,,,,,,,
2028,,,,,,,,,,,,,,,,,,,,,,,,,,,,,,,,,,,,,,,,,,,,,,,,,,"-2,9%","-3,5%","-2,5%",,,,,,,,,,,,
2029,,,,,,,,,,,,,,,,,,,,,,,,,,,,,,,,,,,,,,,,,,,,,,,,,,"-2,9%","-3,4%","-2,5%",,,,,,,,,,,,
2030,,,,,,,,,,,,,,,,,,,,,,,,,,,,,,,,,,,,,,,,,,,,,,,,,,"-2,9%","-3,4%","-2,4%",,,,,,,,,,,,
2031,,,,,,,,,,,,,,,,,,,,,,,,,,,,,,,,,,,,,,,,,,,,,,,,,,"-2,8%","-3,3%","-2,3%",,,,,,,,,,,,
2032,,,,,,,,,,,,,,,,,,,,,,,,,,,,,,,,,,,,,,,,,,,,,,,,,,"-2,7%","-3,3%","-2,2%",,,,,,,,,,,,
2035,,,,,,,,,,,,,,,,,,,,,,,,,,,,,,,,,,,,,,,,,,,,,,,,,,"-2,4%","-3,1%","-1,8%",,,,,,,,,,,,
2040,,,,,,,,,,,,,,,,,,,,,,,,,,,,,,,,,,,,,,,,,,,,,,,,,,"-2,1%","-2,8%","-1,4%",,,,,,,,,,,,
2045,,,,,,,,,,,,,,,,,,,,,,,,,,,,,,,,,,,,,,,,,,,,,,,,,,"-2,0%","-2,7%","-1,2%",,,,,,,,,,,,
2050,,,,,,,,,,,,,,,,,,,,,,,,,,,,,,,,,,,,,,,,,,,,,,,,,,"-1,9%","-2,7%","-1,1%",,,,,,,,,,,,
2055,,,,,,,,,,,,,,,,,,,,,,,,,,,,,,,,,,,,,,,,,,,,,,,,,,"-1,8%","-2,6%","-0,9%",,,,,,,,,,,,
2060,,,,,,,,,,,,,,,,,,,,,,,,,,,,,,,,,,,,,,,,,,,,,,,,,,"-1,5%","-2,3%","-0,6%",,,,,,,,,,,,
2065,,,,,,,,,,,,,,,,,,,,,,,,,,,,,,,,,,,,,,,,,,,,,,,,,,"-1,1%","-1,9%","-0,2%",,,,,,,,,,,,
2070,,,,,,,,,,,,,,,,,,,,,,,,,,,,,,,,,,,,,,,,,,,,,,,,,,"-0,7%","-1,6%","0,2%",,,,,,,,,,,,
2075,,,,,,,,,,,,,,,,,,,,,,,,,,,,,,,,,,,,,,,,,,,,,,,,,,"-0,7%","-1,5%","0,3%",,,,,,,,,,,,
2080,,,,,,,,,,,,,,,,,,,,,,,,,,,,,,,,,,,,,,,,,,,,,,,,,,"-0,7%","-1,6%","0,3%",,,,,,,,,,,,
2023,,,,,,,,,,,,,,,,,,,,,,,,,,,,,,,,,,,,,,,,,,,,,,,,,,"5,4%","5,3%","5,6%",,,,,,,,,,,,
2024,,,,,,,,,,,,,,,,,,,,,,,,,,,,,,,,,,,,,,,,,,,,,,,,,,"5,5%","5,3%","5,6%",,,,,,,,,,,,
2025,,,,,,,,,,,,,,,,,,,,,,,,,,,,,,,,,,,,,,,,,,,,,,,,,,"5,5%","5,2%","5,6%",,,,,,,,,,,,
2026,,,,,,,,,,,,,,,,,,,,,,,,,,,,,,,,,,,,,,,,,,,,,,,,,,"5,5%","5,2%","5,7%",,,,,,,,,,,,
2027,,,,,,,,,,,,,,,,,,,,,,,,,,,,,,,,,,,,,,,,,,,,,,,,,,"5,5%","5,2%","5,7%",,,,,,,,,,,,
2028,,,,,,,,,,,,,,,,,,,,,,,,,,,,,,,,,,,,,,,,,,,,,,,,,,"5,4%","5,2%","5,7%",,,,,,,,,,,,
2029,,,,,,,,,,,,,,,,,,,,,,,,,,,,,,,,,,,,,,,,,,,,,,,,,,"5,4%","5,1%","5,7%",,,,,,,,,,,,
2030,,,,,,,,,,,,,,,,,,,,,,,,,,,,,,,,,,,,,,,,,,,,,,,,,,"5,4%","5,1%","5,7%",,,,,,,,,,,,
2031,,,,,,,,,,,,,,,,,,,,,,,,,,,,,,,,,,,,,,,,,,,,,,,,,,"5,4%","5,1%","5,7%",,,,,,,,,,,,
2032,,,,,,,,,,,,,,,,,,,,,,,,,,,,,,,,,,,,,,,,,,,,,,,,,,"5,4%","5,1%","5,7%",,,,,,,,,,,,
2035,,,,,,,,,,,,,,,,,,,,,,,,,,,,,,,,,,,,,,,,,,,,,,,,,,"5,4%","5,0%","5,8%",,,,,,,,,,,,
2040,,,,,,,,,,,,,,,,,,,,,,,,,,,,,,,,,,,,,,,,,,,,,,,,,,"5,4%","4,9%","5,9%",,,,,,,,,,,,
2045,,,,,,,,,,,,,,,,,,,,,,,,,,,,,,,,,,,,,,,,,,,,,,,,,,"5,3%","4,8%","5,8%",,,,,,,,,,,,
2050,,,,,,,,,,,,,,,,,,,,,,,,,,,,,,,,,,,,,,,,,,,,,,,,,,"5,2%","4,6%","5,8%",,,,,,,,,,,,
2055,,,,,,,,,,,,,,,,,,,,,,,,,,,,,,,,,,,,,,,,,,,,,,,,,,"5,1%","4,4%","5,8%",,,,,,,,,,,,
2060,,,,,,,,,,,,,,,,,,,,,,,,,,,,,,,,,,,,,,,,,,,,,,,,,,"5,1%","4,3%","5,8%",,,,,,,,,,,,
2065,,,,,,,,,,,,,,,,,,,,,,,,,,,,,,,,,,,,,,,,,,,,,,,,,,"5,1%","4,3%","5,9%",,,,,,,,,,,,
2070,,,,,,,,,,,,,,,,,,,,,,,,,,,,,,,,,,,,,,,,,,,,,,,,,,"5,1%","4,2%","5,9%",,,,,,,,,,,,
2075,,,,,,,,,,,,,,,,,,,,,,,,,,,,,,,,,,,,,,,,,,,,,,,,,,"5,0%","4,1%","6,0%",,,,,,,,,,,,
2080,,,,,,,,,,,,,,,,,,,,,,,,,,,,,,,,,,,,,,,,,,,,,,,,,,"5,0%","4,0%","6,0%",,,,,,,,,,,,
,,2024,,,,,,,,,,,,,,,,,,,,,,,,,,,,,,,,,,,,,,,,,,,,,,,,,,,"8,1%","8,3%","8,0%",,,,,,,,,
,,2025,,,,,,,,,,,,,,,,,,,,,,,,,,,,,,,,,,,,,,,,,,,,,,,,,,,"8,3%","8,5%","8,2%",,,,,,,,,
,,2026,,,,,,,,,,,,,,,,,,,,,,,,,,,,,,,,,,,,,,,,,,,,,,,,,,,"8,4%","8,6%","8,3%",,,,,,,,,
,,2027,,,,,,,,,,,,,,,,,,,,,,,,,,,,,,,,,,,,,,,,,,,,,,,,,,,"8,4%","8,6%","8,2%",,,,,,,,,
,,2028,,,,,,,,,,,,,,,,,,,,,,,,,,,,,,,,,,,,,,,,,,,,,,,,,,,"8,4%","8,6%","8,2%",,,,,,,,,
,,2029,,,,,,,,,,,,,,,,,,,,,,,,,,,,,,,,,,,,,,,,,,,,,,,,,,,"8,3%","8,6%","8,1%",,,,,,,,,
,,2030,,,,,,,,,,,,,,,,,,,,,,,,,,,,,,,,,,,,,,,,,,,,,,,,,,,"8,3%","8,5%","8,1%",,,,,,,,,
,,2031,,,,,,,,,,,,,,,,,,,,,,,,,,,,,,,,,,,,,,,,,,,,,,,,,,,"8,2%","8,4%","8,0%",,,,,,,,,
,,2032,,,,,,,,,,,,,,,,,,,,,,,,,,,,,,,,,,,,,,,,,,,,,,,,,,,"8,1%","8,3%","7,9%",,,,,,,,,
,,2035,,,,,,,,,,,,,,,,,,,,,,,,,,,,,,,,,,,,,,,,,,,,,,,,,,,"7,8%","8,1%","7,6%",,,,,,,,,
,,2040,,,,,,,,,,,,,,,,,,,,,,,,,,,,,,,,,,,,,,,,,,,,,,,,,,,"7,5%","7,7%","7,3%",,,,,,,,,
,,2045,,,,,,,,,,,,,,,,,,,,,,,,,,,,,,,,,,,,,,,,,,,,,,,,,,,"7,3%","7,5%","7,1%",,,,,,,,,
,,2050,,,,,,,,,,,,,,,,,,,,,,,,,,,,,,,,,,,,,,,,,,,,,,,,,,,"7,1%","7,3%","6,9%",,,,,,,,,
,,2055,,,,,,,,,,,,,,,,,,,,,,,,,,,,,,,,,,,,,,,,,,,,,,,,,,,"6,9%","7,0%","6,7%",,,,,,,,,
,,2060,,,,,,,,,,,,,,,,,,,,,,,,,,,,,,,,,,,,,,,,,,,,,,,,,,,"6,5%","6,6%","6,4%",,,,,,,,,
,,2065,,,,,,,,,,,,,,,,,,,,,,,,,,,,,,,,,,,,,,,,,,,,,,,,,,,"6,1%","6,2%","6,0%",,,,,,,,,
,,2070,,,,,,,,,,,,,,,,,,,,,,,,,,,,,,,,,,,,,,,,,,,,,,,,,,,"5,8%","5,8%","5,7%",,,,,,,,,
,,2075,,,,,,,,,,,,,,,,,,,,,,,,,,,,,,,,,,,,,,,,,,,,,,,,,,,"5,7%","5,6%","5,7%",,,,,,,,,
,,2080,,,,,,,,,,,,,,,,,,,,,,,,,,,,,,,,,,,,,,,,,,,,,,,,,,,"5,7%","5,6%","5,7%",,,,,,,,,
,,,,,,,,,,,,,,,,,,,,,,,,,,,,,,,,,,,,,,,,,,,,,,,,,,,,,,,,67%64%70%,,,,,,,,
,,,,,,,,,,,,,,,,,,,,,,,,,,,,,,,,,,,,,,,,,,,,,,,,,,,,,,,,66%62%69%,,,,,,,,
,,,,,,,,,,,,,,,,,,,,,,,,,,,,,,,,,,,,,,,,,,,,,,,,,,,,,,,,65%61%68%,,,,,,,,
,,,,,,,,,,,,,,,,,,,,,,,,,,,,,,,,,,,,,,,,,,,,,,,,,,,,,,,,65%60%69%,,,,,,,,
,,,,,,,,,,,,,,,,,,,,,,,,,,,,,,,,,,,,,,,,,,,,,,,,,,,,,,,,65%60%69%,,,,,,,,
,,,,,,,,,,,,,,,,,,,,,,,,,,,,,,,,,,,,,,,,,,,,,,,,,,,,,,,,65%60%70%,,,,,,,,
,,,,,,,,,,,,,,,,,,,,,,,,,,,,,,,,,,,,,,,,,,,,,,,,,,,,,,,,66%60%71%,,,,,,,,
,,,,,,,,,,,,,,,,,,,,,,,,,,,,,,,,,,,,,,,,,,,,,,,,,,,,,,,,66%60%72%,,,,,,,,
,,,,,,,,,,,,,,,,,,,,,,,,,,,,,,,,,,,,,,,,,,,,,,,,,,,,,,,,67%61%73%,,,,,,,,
,,,,,,,,,,,,,,,,,,,,,,,,,,,,,,,,,,,,,,,,,,,,,,,,,,,,,,,,69%62%76%,,,,,,,,
,,,,,,,,,,,,,,,,,,,,,,,,,,,,,,,,,,,,,,,,,,,,,,,,,,,,,,,,72%64%81%,,,,,,,,
,,,,,,,,,,,,,,,,,,,,,,,,,,,,,,,,,,,,,,,,,,,,,,,,,,,,,,,,73%64%83%,,,,,,,,
,,,,,,,,,,,,,,,,,,,,,,,,,,,,,,,,,,,,,,,,,,,,,,,,,,,,,,,,73%63%84%,,,,,,,,
,,,,,,,,,,,,,,,,,,,,,,,,,,,,,,,,,,,,,,,,,,,,,,,,,,,,,,,,74%63%86%,,,,,,,,
,,,,,,,,,,,,,,,,,,,,,,,,,,,,,,,,,,,,,,,,,,,,,,,,,,,,,,,,78%66%90%,,,,,,,,
,,,,,,,,,,,,,,,,,,,,,,,,,,,,,,,,,,,,,,,,,,,,,,,,,,,,,,,,83%69%97%,,,,,,,,
,,,,,,,,,,,,,,,,,,,,,,,,,,,,,,,,,,,,,,,,,,,,,,,,,,,,,,,,87%72%103%,,,,,,,,
,,,,,,,,,,,,,,,,,,,,,,,,,,,,,,,,,,,,,,,,,,,,,,,,,,,,,,,,88%73%106%,,,,,,,,
,,,,,,,,,,,,,,,,,,,,,,,,,,,,,,,,,,,,,,,,,,,,,,,,,,,,,,,,88%72%106%,,,,,,,,
,,,,,,,,,,,,,,,,,,,,,,,,,,,,,,,,,,,,,,,,,,,,,,,,,,,,,,,,,16 28315 94716 552,,,,,,,
,,,,,,,,,,,,,,,,,,,,,,,,,,,,,,,,,,,,,,,,,,,,,,,,,,,,,,,,,16 21215 84516 537,,,,,,,
,,,,,,,,,,,,,,,,,,,,,,,,,,,,,,,,,,,,,,,,,,,,,,,,,,,,,,,,,16 14715 75316 537,,,,,,,
,,,,,,,,,,,,,,,,,,,,,,,,,,,,,,,,,,,,,,,,,,,,,,,,,,,,,,,,,16 03915 62316 493,,,,,,,
,,,,,,,,,,,,,,,,,,,,,,,,,,,,,,,,,,,,,,,,,,,,,,,,,,,,,,,,,15 94215 50616 422,,,,,,,
,,,,,,,,,,,,,,,,,,,,,,,,,,,,,,,,,,,,,,,,,,,,,,,,,,,,,,,,,15 85115 39816 356,,,,,,,
,,,,,,,,,,,,,,,,,,,,,,,,,,,,,,,,,,,,,,,,,,,,,,,,,,,,,,,,,15 75115 28216 278,,,,,,,
,,,,,,,,,,,,,,,,,,,,,,,,,,,,,,,,,,,,,,,,,,,,,,,,,,,,,,,,,15 69615 21116 253,,,,,,,
,,,,,,,,,,,,,,,,,,,,,,,,,,,,,,,,,,,,,,,,,,,,,,,,,,,,,,,,,15 64015 14116 225,,,,,,,
,,,,,,,,,,,,,,,,,,,,,,,,,,,,,,,,,,,,,,,,,,,,,,,,,,,,,,,,,15 43514 88916 093,,,,,,,
,,,,,,,,,,,,,,,,,,,,,,,,,,,,,,,,,,,,,,,,,,,,,,,,,,,,,,,,,14 92614 32315 675,,,,,,,
,,,,,,,,,,,,,,,,,,,,,,,,,,,,,,,,,,,,,,,,,,,,,,,,,,,,,,,,,14 15513 49515 040,,,,,,,
,,,,,,,,,,,,,,,,,,,,,,,,,,,,,,,,,,,,,,,,,,,,,,,,,,,,,,,,,13 27712 61414 175,,,,,,,
,,,,,,,,,,,,,,,,,,,,,,,,,,,,,,,,,,,,,,,,,,,,,,,,,,,,,,,,,12 49311 85113 341,,,,,,,
,,,,,,,,,,,,,,,,,,,,,,,,,,,,,,,,,,,,,,,,,,,,,,,,,,,,,,,,,11 91711 31212 727,,,,,,,
,,,,,,,,,,,,,,,,,,,,,,,,,,,,,,,,,,,,,,,,,,,,,,,,,,,,,,,,,11 54410 95512 327,,,,,,,
,,,,,,,,,,,,,,,,,,,,,,,,,,,,,,,,,,,,,,,,,,,,,,,,,,,,,,,,,11 17110 58811 926,,,,,,,
,,,,,,,,,,,,,,,,,,,,,,,,,,,,,,,,,,,,,,,,,,,,,,,,,,,,,,,,,10 71010 13711 433,,,,,,,
,,,,,,,,,,,,,,,,,,,,,,,,,,,,,,,,,,,,,,,,,,,,,,,,,,,,,,,,,10 2019 64910 890,,,,,,,
,,,,,,,,,,,,,,,,,,,,,,,,,,,,,,,,,,,,,,,,,,,,,,,,,,,,,,,,,,6 6816 7556 635,,,,,,
,,,,,,,,,,,,,,,,,,,,,,,,,,,,,,,,,,,,,,,,,,,,,,,,,,,,,,,,,,6 7756 8716 713,,,,,,
,,,,,,,,,,,,,,,,,,,,,,,,,,,,,,,,,,,,,,,,,,,,,,,,,,,,,,,,,,6 8596 9766 782,,,,,,
,,,,,,,,,,,,,,,,,,,,,,,,,,,,,,,,,,,,,,,,,,,,,,,,,,,,,,,,,,6 9377 0736 846,,,,,,
,,,,,,,,,,,,,,,,,,,,,,,,,,,,,,,,,,,,,,,,,,,,,,,,,,,,,,,,,,6 9837 1256 889,,,,,,
,,,,,,,,,,,,,,,,,,,,,,,,,,,,,,,,,,,,,,,,,,,,,,,,,,,,,,,,,,7 0277 1746 931,,,,,,
,,,,,,,,,,,,,,,,,,,,,,,,,,,,,,,,,,,,,,,,,,,,,,,,,,,,,,,,,,7 0717 2246 973,,,,,,
,,,,,,,,,,,,,,,,,,,,,,,,,,,,,,,,,,,,,,,,,,,,,,,,,,,,,,,,,,7 1147 2737 014,,,,,,
,,,,,,,,,,,,,,,,,,,,,,,,,,,,,,,,,,,,,,,,,,,,,,,,,,,,,,,,,,7 1637 3287 061,,,,,,
,,,,,,,,,,,,,,,,,,,,,,,,,,,,,,,,,,,,,,,,,,,,,,,,,,,,,,,,,,7 3697 5547 260,,,,,,
,,,,,,,,,,,,,,,,,,,,,,,,,,,,,,,,,,,,,,,,,,,,,,,,,,,,,,,,,,7 9398 1597 815,,,,,,
,,,,,,,,,,,,,,,,,,,,,,,,,,,,,,,,,,,,,,,,,,,,,,,,,,,,,,,,,,8 6868 9408 546,,,,,,
,,,,,,,,,,,,,,,,,,,,,,,,,,,,,,,,,,,,,,,,,,,,,,,,,,,,,,,,,,9 2879 5609 137,,,,,,
,,,,,,,,,,,,,,,,,,,,,,,,,,,,,,,,,,,,,,,,,,,,,,,,,,,,,,,,,,9 6019 8799 447,,,,,,
,,,,,,,,,,,,,,,,,,,,,,,,,,,,,,,,,,,,,,,,,,,,,,,,,,,,,,,,,,9 6099 8829 456,,,,,,
,,,,,,,,,,,,,,,,,,,,,,,,,,,,,,,,,,,,,,,,,,,,,,,,,,,,,,,,,,9 3549 6179 205,,,,,,
,,,,,,,,,,,,,,,,,,,,,,,,,,,,,,,,,,,,,,,,,,,,,,,,,,,,,,,,,,9 0689 3278 923,,,,,,
,,,,,,,,,,,,,,,,,,,,,,,,,,,,,,,,,,,,,,,,,,,,,,,,,,,,,,,,,,8 8169 0688 674,,,,,,
,,,,,,,,,,,,,,,,,,,,,,,,,,,,,,,,,,,,,,,,,,,,,,,,,,,,,,,,,,8 5568 8028 418,,,,,,
,,,,,,,,,,,,,,,,,,,,,,,,,,,,,,,,,,,,,,,,,,,,,,,,,,,,,,,,,,,"0,410,420,40",,,,,
,,,,,,,,,,,,,,,,,,,,,,,,,,,,,,,,,,,,,,,,,,,,,,,,,,,,,,,,,,,"0,420,430,41",,,,,
,,,,,,,,,,,,,,,,,,,,,,,,,,,,,,,,,,,,,,,,,,,,,,,,,,,,,,,,,,,"0,420,440,41",,,,,
,,,,,,,,,,,,,,,,,,,,,,,,,,,,,,,,,,,,,,,,,,,,,,,,,,,,,,,,,,,"0,430,450,42",,,,,
,,,,,,,,,,,,,,,,,,,,,,,,,,,,,,,,,,,,,,,,,,,,,,,,,,,,,,,,,,,"0,440,460,42",,,,,
,,,,,,,,,,,,,,,,,,,,,,,,,,,,,,,,,,,,,,,,,,,,,,,,,,,,,,,,,,,"0,440,470,42",,,,,
,,,,,,,,,,,,,,,,,,,,,,,,,,,,,,,,,,,,,,,,,,,,,,,,,,,,,,,,,,,"0,450,470,43",,,,,
,,,,,,,,,,,,,,,,,,,,,,,,,,,,,,,,,,,,,,,,,,,,,,,,,,,,,,,,,,,"0,450,480,43",,,,,
,,,,,,,,,,,,,,,,,,,,,,,,,,,,,,,,,,,,,,,,,,,,,,,,,,,,,,,,,,,"0,460,480,44",,,,,
,,,,,,,,,,,,,,,,,,,,,,,,,,,,,,,,,,,,,,,,,,,,,,,,,,,,,,,,,,,"0,480,510,45",,,,,
,,,,,,,,,,,,,,,,,,,,,,,,,,,,,,,,,,,,,,,,,,,,,,,,,,,,,,,,,,,"0,530,570,50",,,,,
,,,,,,,,,,,,,,,,,,,,,,,,,,,,,,,,,,,,,,,,,,,,,,,,,,,,,,,,,,,"0,610,660,57",,,,,
,,,,,,,,,,,,,,,,,,,,,,,,,,,,,,,,,,,,,,,,,,,,,,,,,,,,,,,,,,,"0,700,760,64",,,,,
,,,,,,,,,,,,,,,,,,,,,,,,,,,,,,,,,,,,,,,,,,,,,,,,,,,,,,,,,,,"0,770,830,71",,,,,
,,,,,,,,,,,,,,,,,,,,,,,,,,,,,,,,,,,,,,,,,,,,,,,,,,,,,,,,,,,"0,810,870,74",,,,,
,,,,,,,,,,,,,,,,,,,,,,,,,,,,,,,,,,,,,,,,,,,,,,,,,,,,,,,,,,,"0,810,880,75",,,,,
,,,,,,,,,,,,,,,,,,,,,,,,,,,,,,,,,,,,,,,,,,,,,,,,,,,,,,,,,,,"0,810,880,75",,,,,
,,,,,,,,,,,,,,,,,,,,,,,,,,,,,,,,,,,,,,,,,,,,,,,,,,,,,,,,,,,"0,820,890,76",,,,,
,,,,,,,,,,,,,,,,,,,,,,,,,,,,,,,,,,,,,,,,,,,,,,,,,,,,,,,,,,,"0,840,910,77",,,,,
,,,,,,,,,,,,,,,,,,,,,,,Kwoty nominalne,,,,,,,,,,,,,,,,,,,,,,,,,,,,,,,,,,,,,,,,,
,,,,-108 900,-118 049,-125 365,-131 593,-136 815,-141 843,-144 842,-146 984,-153 997,-165 625,-194 829,-231 366,-258 254,-261 766,-230 572,-200 597,-214 704,-272 925,,Saldo roczne [mln zł],,,,,,,,,,,,,,,,,,,,,,,,,,,,,,,,,,,,,-74 244 -95 409,,,,
,,,,208 538,220 675,232 259,244 064,256 595,269 697,283 752,298 876,346 992,435 020,526 695,626 206,747 785,905 968,1 111 477,1 357 832,1 637 427,1 950 324,,Wpływy składkowe [mln zł],,,,,,,,,,,,,,,,,,,,,,,,,,,,,,,,,,,,,180 724 195 369,,,,
,,,,317 438,338 724,357 625,375 657,393 410,411 540,428 594,445 860,500 990,600 645,721 523,857 572,1 006 039,1 167 734,1 342 049,1 558 429,1 852 131,2 223 250,,Wydatki [mln zł],,,,,,,,,,,,,,,,,,,,,,,,,,,,,,,,,,,,,254 968 290 778,,,,
,,,,,,,,,,,,,,,,,,,,,,,Wydolność systemu,,,,,,,,,,,,,,,,,,,,,,,,,,,,,,,,,,,,,,,,,
,,,,66%,65%,65%,65%,65%,66%,66%,67%,69%,72%,73%,73%,74%,78%,83%,87%,88%,88%,,emerytalnego,,,,,,,,,,,,,,,,,,,,,,,,,,,,,,,,,,,,,71% 67%,,,,
,,,,,,,,,,,,,,,,,,,,,,,Kwoty wyrażone jako procent sumy rocznych podstaw wymiaru,,,,,,,,,,,,,,,,,,,,,,,,,,,,,,,,,,,,,,,,,
,,,,,,,,,,,,,,,,,,,,,,,składek na fundusz emerytalny,,,,,,,,,,,,,,,,,,,,,,,,,,,,,,,,,,,,,,,,,
,,,,"-10,05%","-10,32%","-10,43%","-10,45%","-10,36%","-10,25%","-9,97%","-9,63%","-8,73%","-7,48%","-7,17%","-7,06%","-6,56%","-5,48%","-3,94%","-2,80%","-2,49%","-2,65%",,Saldo roczne,,,,,,,,,,,,,,,,,,,,,,,,,,,,,,,,,,,,,"-7,90% -9,39%",,,,
,,,,"19,25%","19,29%","19,33%","19,38%","19,43%","19,48%","19,53%","19,57%","19,67%","19,64%","19,40%","19,12%","18,99%","18,97%","18,97%","18,97%","18,97%","18,97%",,Wpływy składkowe,,,,,,,,,,,,,,,,,,,,,,,,,,,,,,,,,,,,,"19,23% 19,24%",,,,
,,,,"29,31%","29,60%","29,76%","29,83%","29,80%","29,73%","29,50%","29,20%","28,40%","27,12%","26,57%","26,19%","25,55%","24,45%","22,91%","21,78%","21,46%","21,63%",,Wydatki,,,,,,,,,,,,,,,,,,,,,,,,,,,,,,,,,,,,,"27,12% 28,63%",,,,
,,,,,,,,,,,,,,,,,,,,,,,Kwoty zdyskontowane inflacją na 2021 r.,,,,,,,,,,,,,,,,,,,,,,,,,,,,,,,,,,,,,,,,,
,,,,-80 874,-85 530,-88 616,-90 749,-92 049,-93 104,-92 754,-91 830,-89 342,-84 928,-88 299,-92 680,-91 435,-81 914,-63 773,-49 038,-46 391,-52 121,,Saldo roczne [mln zł],,,,,,,,,,,,,,,,,,,,,,,,,,,,,,,,,,,,,-59 575 -73 052,,,,
,,,,154 870,159 886,164 175,168 311,172 637,177 027,181 710,186 727,201 309,223 066,238 706,250 843,264 754,283 504,307 417,331 936,353 794,372 457,,Wpływy składkowe [mln zł],,,,,,,,,,,,,,,,,,,,,,,,,,,,,,,,,,,,,145 016 149 587,,,,
,,,,235 744,245 416,252 791,259 061,264 686,270 131,274 463,278 557,290 651,307 993,327 005,343 523,356 189,365 418,371 190,380 974,400 185,424 578,,Wydatki [mln zł],,,,,,,,,,,,,,,,,,,,,,,,,,,,,,,,,,,,,204 591 222 639,,,,
,,,,,,,,,,,,,,,,,,,,,,,Kwoty wyrażone w procencie PKB,,,,,,,,,,,,,,,,,,,,,,,,,,,,,,,,,,,,,,,,,
,,,,"-2,9%","-2,9%","-2,9%","-2,9%","-2,9%","-2,9%","-2,8%","-2,7%","-2,4%","-2,1%","-2,0%","-1,9%","-1,8%","-1,5%","-1,1%","-0,7%","-0,7%","-0,7%",,Saldo roczne,,,,,,,,,,,,,,,,,,,,,,,,,,,,,,,,,,,,,"-2,2% -2,7%",,,,
,,,,"5,5%","5,5%","5,5%","5,4%","5,4%","5,4%","5,4%","5,4%","5,4%","5,4%","5,3%","5,2%","5,1%","5,1%","5,1%","5,1%","5,0%","5,0%",,Wpływy składkowe,,,,,,,,,,,,,,,,,,,,,,,,,,,,,,,,,,,,,"5,4% 5,5%",,,,
,,,,"8,3%","8,4%","8,4%","8,4%","8,3%","8,3%","8,2%","8,1%","7,8%","7,5%","7,3%","7,1%","6,9%","6,5%","6,1%","5,8%","5,7%","5,7%",,Wydatki,,,,,,,,,,,,,,,,,,,,,,,,,,,,,,,,,,,,,"7,7% 8,1%",,,,
,,,,,,,,,,,,,,,,,,,,,,,Liczby - stan na koniec roku,,,,,,,,,,,,,,,,,,,,,,,,,,,,,,,,,,,,,,,,,
,,,,16 212,16 147,16 039,15 942,15 851,15 751,15 696,15 640,15 435,14 926,14 155,13 277,12 493,11 917,11 544,11 171,10 710,10 201,,Ubezpieczeni [tys.],,,,,,,,,,,,,,,,,,,,,,,,,,,,,,,,,,,,,16 296 16 283,,,,
,,,,,,,,,,,,,,,,,,,,,,,Emeryci - fundusz emerytalny,,,,,,,,,,,,,,,,,,,,,,,,,,,,,,,,,,,,,,,,,
,,,,6 775,6 859,6 937,6 983,7 027,7 071,7 114,7 163,7 369,7 939,8 686,9 287,9 601,9 609,9 354,9 068,8 816,8 556,,[tys.],,,,,,,,,,,,,,,,,,,,,,,,,,,,,,,,,,,,,6 580 6 681,,,,
,,,,,,,,,,,,,,,,,,,,,,,Współczynnik obciążenia,,,,,,,,,,,,,,,,,,,,,,,,,,,,,,,,,,,,,,,,,
,,,,"0,42","0,42","0,43","0,44","0,44","0,45","0,45","0,46","0,48","0,53","0,61","0,70","0,77","0,81","0,81","0,81","0,82","0,84",,systemowego,,,,,,,,,,,,,,,,,,,,,,,,,,,,,,,,,,,,,"0,40 0,41",,,,
,,,,,,2029 2027,,,,,,,,,,,,,,,,,30%,,,,,,,,,,,,,,,,,,,,,,,,,,,,,,,,,,,,,,,,,
,,,,,,4002031 2029,,,,,,,,,,,,,,,,,,,,,,,,,,,,,,,,,,,,,,,,,,,,,,,,,,,,,,,,,,
,,,,,,25%2033 2031,,,,,,,,,,,,,,,,,,,,,,,,,,,,,,,,,,,,,,,,,,,,,,,,,,,,,,,,,,
,,,,,,3002035 2033,,,,,,,,,,,,,,,,,20%,,,,,,,,,,,,,,,,,,,,,,,,,,,,,,,,,,,,,,,,,
,,,,,,2037 2035,,,,,,,,,,,,,,,,,,,,,,,,,,,,,,,,,,,,,,,,,,,,,,,,,,,,,,,,,,
,,,,,,200 20392037,,,,,,,,,,,,,,,,,15%,,,,,,,,,,,,,,,,,,,,,,,,,,,,,,,,,,,,,,,,,
,,,,,,2041,,,,,,,,,,,,,,,,,,,,,,,,,,,,,,,,,,,,,,,,,,,,,,,,,,,,,,,,,,
,,,,,,2039,,,,,,,,,,,,,,,,,10%,,,,,,,,,,,,,,,,,,,,,,,,,,,,,,,,,,,,,,,,,
,,,,,,100 20412043,,,,,,,,,,,,,,,,,,,,,,,,,,,,,,,,,,,,,,,,,,,,,,,,,,,,,,,,,,
,,,,,,2043,,,,,,,,,,,,,,,,,5%,,,,,,,,,,,,,,,,,,,,,,,,,,,,,,,,,,,,,,,,,
,,,,,,2045,,,,,,,,,,,,,,,,,,,,,,,,,,,,,,,,,,,,,,,,,,,,,,,,,,,,,,,,,,
,,,,,,0 0%20472045,,,,,,,,,,,,,,,,,,,,,,,,,,,,,,,,,,,,,,,,,,,,,,,,,,,,,,,,,,
,,,,,,2047,,,,,,,,,,,,,,,,,,,,,,,,,,,,,,,,,,,,,,,,,,,,,,,,,,,,,,,,,,
,,,,,,2049,,,,,,,,,,,,,,,,,-5%,,,,,,,,,,,,,,,,,,,,,,,,,,,,,,,,,,,,,,,,,
,,,,,,-100 2049,,,,,,,,,,,,,,,,,,,,,,,,,,,,,,,,,,,,,,,,,,,,,,,,,,,,,,,,,,
,,,,,,2051,,,,,,,,,,,,,,,,,,,,,,,,,,,,,,,,,,,,,,,,,,,,,,,,,,,,,,,,,,
,,,,,,2051,,,,,,,,,,,,,,,,,-10%,,,,,,,,,,,,,,,,,,,,,,,,,,,,,,,,,,,,,,,,,
,,,,,,2053,,,,,,,,,,,,,,,,,,,,,,,,,,,,,,,,,,,,,,,,,,,,,,,,,,,,,,,,,,
,,,,,,-200 2053,,,,,,,,,,,,,,,,,,,,,,,,,,,,,,,,,,,,,,,,,,,,,,,,,,,,,,,,,,
,,,,,,2055,,,,,,,,,,,,,,,,,-15%,,,,,,,,,,,,,,,,,,,,,,,,,,,,,,,,,,,,,,,,,
,,,,,,2055,,,,,,,,,,,,,,,,,,,,,,,,,,,,,,,,,,,,,,,,,,,,,,,,,,,,,,,,,,
,,,,,,2057,,,,,,,,,,,,,,,,,,,,,,,,,,,,,,,,,,,,,,,,,,,,,,,,,,,,,,,,,,
,,,,,,2057,,,,,,,,,,,,,,,,,,,,,,,,,,,,,,,,,,,,,,,,,,,,,,,,,,,,,,,,,,
,,,,,,2059,,,,,,,,,,,,,,,,,,,,,,,,,,,,,,,,,,,,,,,,,,,,,,,,,,,,,,,,,,
,,,,,,2059,,,,,,,,,,,,,,,,,,,,,,,,,,,,,,,,,,,,,,,,,,,,,,,,,,,,,,,,,,
,,,,,,2061 saldo roczne wpływy wyd2a0t6k1i,,,,,,,,,,,,,,,,,,,saldo roczne wpływy,wydatki,,,,,,,,,,,,,,,,,,,,,,,,,,,,,,,,,,,,,,
,,,,,,2063 2063,,,,,,,,,,,,,,,,,,,,,,,,,,,,,,,,,,,,,,,,,,,,,,,,,,,,,,,,,,
,,,,,,2065 2065,,,,,,,,,,,,,,,,,,,,,,,,,,,,,,,,,,,,,,,,,,,,,,,,,,,,,,,,,,
,,,,,,2067Liczby ubezpieczonych i emerytów (fundusz emerytalny)2067,,,,,,,,,,,,,,,,,,,Wydolność systemu emerytalnego i współczynnik obciążenia systemowego,,,,,,,,,,,,,,,,,,,,,,,,,,,,,,,,,,,,,,,
,,,,,,2069,,,,,,,,,,,,,,,,,,,,,,,,,,,,,,,,,,,,,,,,,,,,,,,,,,,,,,,,,,
,,,,,,18 2071 20692071,,,,,,,,,,,,,,,,,100%,,,,,,,,,,,,,,,,,,,,,,,,,,,,,,,,,,,,,,,,,
,,,,,,,,,,,,,,,,,,,,,,,,2065,,,,,,,,,,,,,,,,,,,,,,,,,,,,,,,,,,,,,2065,,,
,,,,,,,,,,,,,,,,,,,,,,,,2067,,Wydolność systemu emerytalnego i współczynnik obciążenia systemowego,,,,,,,,,,,,,,,,,,,,,,,,,,,,,,,,,,,Liczby ubezpieczonych i emerytów (fundusz emerytalny)2067,,,
,,,,,,,,,,,,,,,,,,,,,,,,2069,,,,,,,,,,,,,,,,,,,,,,,,,,,,,,,,,,,,,,,,
,,,,,,,,,,,,,,,,,,,,,,,18,2071,,,,,,,,,,,,,,,,,,,,,,,,,,,,,,,,,,,,,20692071 100%,,,
,,,,,,,,,,,,,,,,,,,,,,,16,2073,,,,,,,,,,,,,,,,,,,,,,,,,,,,,,,,,,,,,2073 90%,,,
,,,,,,,,,,,,,,,,,,,,,,,,2075,,,,,,,,,,,,,,,,,,,,,,,,,,,,,,,,,,,,,2075,,,
,,,,,,,,,,,,,,,,,,,,,,,14,2077,,,,,,,,,,,,,,,,,,,,,,,,,,,,,,,,,,,,,80%2077,,,
,,,,,,,,,,,,,,,,,,,,,,,12,2079,,,,,,,,,,,,,,,,,,,,,,,,,,,,,,,,,,,,,2079 70%,,,
,,,,,,,,,,,,,,,,,,,,,,,60%10,,,,,,,,,,,,,,,,,,,,,,,,,,,,,,,,,,,,,,,,,
,,,,,,,,,,,,,,,,,,,,,,,,,,,,,,,,,,,,,,,,,,,,,,,,,,,,,,,,,,,,,50%,,,
,,,,,,,,,,,,,,,,,,,,,,,8,,,,,,,,,,,,,,,,,,,,,,,,,,,,,,,,,,,,,,,,,
,,,,,,,,,,,,,,,,,,,,,,,,,,,,,,,,,,,,,,,,,,,,,,,,,,,,,,,,,,,,,40%,,,
,,,,,,,,,,,,,,,,,,,,,,,6,,,,,,,,,,,,,,,,,,,,,,,,,,,,,,,,,,,,,,,,,
,,,,,,,,,,,,,,,,,,,,,,,,30%2023,,,,,,,,,,,,,,,,,,,,,,,,,,,,,,,,,,,,,2023,,,
,,,,,,,,,,,,,,,,,,,,,,,4,2025,,,,,,,,,,,,,,,,,,,,,,,,,,,,,,,,,,,,,2025 20%,,,
,,,,,,,,,,,,,,,,,,,,,,,2,2027,,,,,,,,,,,,,,,,,,,,,,,,,,,,,,,,,,,,,2027 10%,,,
,,,,,,,,,,,,,,,,,,,,,,,,2029,,,,,,,,,,,,,,,,,,,,,,,,,,,,,,,,,,,,,2029,,,
,,,,,,,,,,,,,,,,,,,,,,,0,2031,,,,,,,,,,,,,,,,,,,,,,,,,,,,,,,,,,,,,2031 0%,,,
,,,,,,,,,,,,,,,,,,,,,,,,2033,,,,,,,,,,,,,,,,,,,,,,,,,,,,,,,,,,,,,2033,,,
,,,,,,,,,,,,,,,,,,,,,,,,2035,,,,,,,,,,,,,,,,,,,,,,,,,,,,,,,,,,,,,2035,,,
,,,,,,,,,,,,,,,,,,,,,,,,2037,,,,,,,,,,,,,,,,,,,,,,,,,,,,,,,,,,,,,2037,,,
,,,,,,,,,,,,,,,,,,,,,,,,2039,,wydolność wsp. obciążenia,,,,,,,,,,,,,,,,,,,,,,,,,,,,,,,,,,,ubezpieczeni emeryci 2039,,,
,,,,,,,,,,,,,,,,,,,,,,,,2041,,,,,,,,,,,,,,,,,,,,,,,,,,,,,,,,,,,,,2041,,,
,,,,,,,,,,,,,,,,,,,,,,,,2043,,,,,,,,,,,,,,,,,,,,,,,,,,,,,,,,,,,,,2043,,,
,,,,,,,,,,,,,,,,,,,,,,,,2045,,,,,,,,,,,,,,,,,,,,,,,,,,,,,,,,,,,,,2045 48,,,
,,,,,,,,,,,,,,,,,,,,,,,,2047,,,,,,,,,,,,,,,,,,,,,,,,,,,,,,,,,,,,,2047,,,
,,,,,,,,,,,,,,,,,,,,,,,,2049,,,,,,,,,,,,,,,,,,,,,,,,,,,,,,,,,,,,,2049,,,
,,,,,,,,,,,,,,,,,,,,,,,,2051,,,,,,,,,,,,,,,,,,,,,,,,,,,,,,,,,,,,,2051,,,
,,,,,,,,,,,,,,,,,,,,,,,,2053,,,,,,,,,,,,,,,,,,,,,,,,,,,,,,,,,,,,,2053,,,
,,,,,,,,,,,,,,,,,,,,,,,,2055,,,,,,,,,,,,,,,,,,,,,,,,,,,,,,,,,,,,,2055,,,
,,,,,,,,,,,,,,,,,,,,,,,,2057,,,,,,,,,,,,,,,,,,,,,,,,,,,,,,,,,,,,,2057,,,
,,,,,,,,,,,,,,,,,,,,,,,,2059,,,,,,,,,,,,,,,,,,,,,,,,,,,,,,,,,,,,,2059,,,
,,,,,,,,,,,,,,,,,,,,,,,,2061,,,,,,,,,,,,,,,,,,,,,,,,,,,,,,,,,,,,,2061,,,
,,,,,,,,,,,,,,,,,,,,,,,,2063,,,,,,,,,,,,,,,,,,,,,,,,,,,,,,,,,,,,,2063,,,
,,,,,,,,,,,,,,,,,,,,,,,,2065,,,,,,,,,,,,,,,,,,,,,,,,,,,,,,,,,,,,,2065,,,
,,,,,,,,,,,,,,,,,,,,,,,,2067,,,,,,,,,,,,,,,,,,,,,,,,,,,,,,,,,,,,,2067,,,
,,,,,,,,,,,,,,,,,,,,,,,,2069,,,,,,,,,,,,,,,,,,,,,,,,,,,,,,,,,,,,,2069,,,
,,,,,,,,,,,,,,,,,,,,,,,,2071,,,,,,,,,,,,,,,,,,,,,,,,,,,,,,,,,,,,,2071,,,
,,,,,,,,,,,,,,,,,,,,,,,,2073,,,,,,,,,,,,,,,,,,,,,,,,,,,,,,,,,,,,,2073,,,
,,,,,,,,,,,,,,,,,,,,,,,,2075,,,,,,,,,,,,,,,,,,,,,,,,,,,,,,,,,,,,,2075,,,
,,,,,,,,,,,,,,,,,,,,,,,,2077,,,,,,,,,,,,,,,,,,,,,,,,,,,,,,,,,,,,,2077,,,
,,,,,,,,,,,,,,,,,,,,,,,,2079,,,,,,,,,,,,,,,,,,,,,,,,,,,,,,,,,,,,,2079,,,
,,,,,,,,,,,,,,,,,,,,,,,Kwoty nominalne,,,,,,,,,,,,,,,,,,,,,,,,,,,,,,,,,,,,,,,,,
,,,,-122 239,-133 890,-143 176,-151 223,-158 079,-164 766,-169 498,-173 484,-186 478,-209 107,-249 044,-294 406,-331 741,-352 716,-351 552,-358 462,-403 983,-484 371,,Saldo roczne [mln zł],,,,,,,,,,,,,,,,,,,,,,,,,,,,,,,,,,,,,-80 552 -105 603,,,,
,,,,197 468,207 085,216 443,225 901,235 933,246 379,257 566,269 583,306 971,371 856,433 849,497 489,573 564,671 471,795 441,936 447,1 085 709,1 242 874,,Wpływy składkowe [mln zł],,,,,,,,,,,,,,,,,,,,,,,,,,,,,,,,,,,,,175 203 187 052,,,,
,,,,319 707,340 975,359 619,377 124,394 012,411 146,427 064,443 067,493 449,580 963,682 893,791 896,905 306,1 024 187,1 146 993,1 294 909,1 489 692,1 727 245,,Wydatki [mln zł],,,,,,,,,,,,,,,,,,,,,,,,,,,,,,,,,,,,,255 755 292 655,,,,
,,,,,,,,,,,,,,,,,,,,,,,Wydolność systemu,,,,,,,,,,,,,,,,,,,,,,,,,,,,,,,,,,,,,,,,,
,,,,62%,61%,60%,60%,60%,60%,60%,61%,62%,64%,64%,63%,63%,66%,69%,72%,73%,72%,,emerytalnego,,,,,,,,,,,,,,,,,,,,,,,,,,,,,,,,,,,,,69% 64%,,,,
,,,,,,,,,,,,,,,,,,,,,,,Kwoty wyrażone jako procent sumy rocznych podstaw wymiaru,,,,,,,,,,,,,,,,,,,,,,,,,,,,,,,,,,,,,,,,,
,,,,,,,,,,,,,,,,,,,,,,,składek na fundusz emerytalny,,,,,,,,,,,,,,,,,,,,,,,,,,,,,,,,,,,,,,,,,
,,,,"-11,81%","-12,35%","-12,67%","-12,86%","-12,91%","-12,92%","-12,74%","-12,49%","-11,85%","-10,95%","-11,03%","-11,20%","-10,87%","-9,86%","-8,30%","-7,19%","-6,99%","-7,32%",,Saldo roczne,,,,,,,,,,,,,,,,,,,,,,,,,,,,,,,,,,,,,"-8,75% -10,76%",,,,
,,,,"19,07%","19,11%","19,15%","19,21%","19,26%","19,31%","19,36%","19,41%","19,51%","19,47%","19,22%","18,93%","18,80%","18,78%","18,78%","18,78%","18,78%","18,78%",,Wpływy składkowe,,,,,,,,,,,,,,,,,,,,,,,,,,,,,,,,,,,,,"19,04% 19,05%",,,,
,,,,"30,88%","31,46%","31,82%","32,07%","32,17%","32,23%","32,11%","31,90%","31,36%","30,43%","30,25%","30,14%","29,67%","28,64%","27,08%","25,97%","25,77%","26,10%",,Wydatki,,,,,,,,,,,,,,,,,,,,,,,,,,,,,,,,,,,,,"27,79% 29,81%",,,,
,,,,,,,,,,,,,,,,,,,,,,,Kwoty zdyskontowane inflacją na 2021 r.,,,,,,,,,,,,,,,,,,,,,,,,,,,,,,,,,,,,,,,,,
,,,,-90 780,-97 008,-101 206,-104 287,-106 356,-108 151,-108 544,-108 386,-108 186,-107 224,-112 871,-117 932,-117 453,-110 375,-97 234,-87 630,-87 287,-92 501,,Saldo roczne [mln zł],,,,,,,,,,,,,,,,,,,,,,,,,,,,,,,,,,,,,-64 637 -80 857,,,,
,,,,146 649,150 040,152 995,155 786,158 736,161 721,164 940,168 425,178 090,190 677,196 627,199 282,203 071,210 123,220 006,228 924,234 586,237 354,,Wpływy składkowe [mln zł],,,,,,,,,,,,,,,,,,,,,,,,,,,,,,,,,,,,,140 586 143 220,,,,
,,,,237 429,247 048,254 201,260 073,265 092,269 872,273 484,276 811,286 276,297 901,309 498,317 215,320 524,320 498,317 240,316 553,321 873,329 855,,Wydatki [mln zł],,,,,,,,,,,,,,,,,,,,,,,,,,,,,,,,,,,,,205 223 224 077,,,,
,,,,,,,,,,,,,,,,,,,,,,,Kwoty wyrażone w procencie PKB,,,,,,,,,,,,,,,,,,,,,,,,,,,,,,,,,,,,,,,,,
,,,,"-3,2%","-3,4%","-3,4%","-3,5%","-3,4%","-3,4%","-3,3%","-3,3%","-3,1%","-2,8%","-2,7%","-2,7%","-2,6%","-2,3%","-1,9%","-1,6%","-1,5%","-1,6%",,Saldo roczne,,,,,,,,,,,,,,,,,,,,,,,,,,,,,,,,,,,,,"-2,4% -3,0%",,,,
,,,,"5,2%","5,2%","5,2%","5,2%","5,1%","5,1%","5,1%","5,1%","5,0%","4,9%","4,8%","4,6%","4,4%","4,3%","4,3%","4,2%","4,1%","4,0%",,Wpływy składkowe,,,,,,,,,,,,,,,,,,,,,,,,,,,,,,,,,,,,,"5,3% 5,3%",,,,
,,,,"8,5%","8,6%","8,6%","8,6%","8,6%","8,5%","8,4%","8,3%","8,1%","7,7%","7,5%","7,3%","7,0%","6,6%","6,2%","5,8%","5,6%","5,6%",,Wydatki,,,,,,,,,,,,,,,,,,,,,,,,,,,,,,,,,,,,,"7,8% 8,3%",,,,
,,,,,,,,,,,,,,,,,,,,,,,Liczby - stan na koniec roku,,,,,,,,,,,,,,,,,,,,,,,,,,,,,,,,,,,,,,,,,
,,,,15 845,15 753,15 623,15 506,15 398,15 282,15 211,15 141,14 889,14 323,13 495,12 614,11 851,11 312,10 955,10 588,10 137,9 649,,Ubezpieczeni [tys.],,,,,,,,,,,,,,,,,,,,,,,,,,,,,,,,,,,,,16 054 15 947,,,,
,,,,,,,,,,,,,,,,,,,,,,,Emeryci - fundusz emerytalny,,,,,,,,,,,,,,,,,,,,,,,,,,,,,,,,,,,,,,,,,
,,,,6 871,6 976,7 073,7 125,7 174,7 224,7 273,7 328,7 554,8 159,8 940,9 560,9 879,9 882,9 617,9 327,9 068,8 802,,[tys.],,,,,,,,,,,,,,,,,,,,,,,,,,,,,,,,,,,,,6 628 6 755,,,,
,,,,,,,,,,,,,,,,,,,,,,,Współczynnik obciążenia,,,,,,,,,,,,,,,,,,,,,,,,,,,,,,,,,,,,,,,,,
,,,,"0,43","0,44","0,45","0,46","0,47","0,47","0,48","0,48","0,51","0,57","0,66","0,76","0,83","0,87","0,88","0,88","0,89","0,91",,systemowego,,,,,,,,,,,,,,,,,,,,,,,,,,,,,,,,,,,,,"0,41 0,42",,,,
,,,,,,3502029 2027,,,,,,,,,,,,,,,,,,30%,,,,,,,,,,,,,,,,,,,,,,,,,,,,,,,,,,,,,,,,
,,,,,,30020312029,,,,,,,,,,,,,,,,,,,,,,,,,,,,,,,,,,,,,,,,,,,,,,,,,,,,,,,,,,
,,,,,,2033 2031,,,,,,,,,,,,,,,,,,25%,,,,,,,,,,,,,,,,,,,,,,,,,,,,,,,,,,,,,,,,
,,,,,,250,,,,,,,,,,,,,,,,,,,,,,,,,,,,,,,,,,,,,,,,,,,,,,,,,,,,,,,,,,
,,,,,,2035 2033,,,,,,,,,,,,,,,,,,20%,,,,,,,,,,,,,,,,,,,,,,,,,,,,,,,,,,,,,,,,
,,,,,,2002037 2035,,,,,,,,,,,,,,,,,,15%,,,,,,,,,,,,,,,,,,,,,,,,,,,,,,,,,,,,,,,,
,,,,,,1502039 2037,,,,,,,,,,,,,,,,,,10%,,,,,,,,,,,,,,,,,,,,,,,,,,,,,,,,,,,,,,,,
,,,,,,2039,,,,,,,,,,,,,,,,,,,,,,,,,,,,,,,,,,,,,,,,,,,,,,,,,,,,,,,,,,
,,,,,,1002041 2041,,,,,,,,,,,,,,,,,,5%,,,,,,,,,,,,,,,,,,,,,,,,,,,,,,,,,,,,,,,,
,,,,,,2043,,,,,,,,,,,,,,,,,,,,,,,,,,,,,,,,,,,,,,,,,,,,,,,,,,,,,,,,,,
,,,,,,50 20432045,,,,,,,,,,,,,,,,,,0%,,,,,,,,,,,,,,,,,,,,,,,,,,,,,,,,,,,,,,,,
,,,,,,0 2047 2045,,,,,,,,,,,,,,,,,,-5%,,,,,,,,,,,,,,,,,,,,,,,,,,,,,,,,,,,,,,,,
,,,,,,2047,,,,,,,,,,,,,,,,,,,,,,,,,,,,,,,,,,,,,,,,,,,,,,,,,,,,,,,,,,
,,,,,,-502049,,,,,,,,,,,,,,,,,,,,,,,,,,,,,,,,,,,,,,,,,,,,,,,,,,,,,,,,,,
,,,,,,2049,,,,,,,,,,,,,,,,,,-10%,,,,,,,,,,,,,,,,,,,,,,,,,,,,,,,,,,,,,,,,
,,,,,,-1002051 2051,,,,,,,,,,,,,,,,,,-15%,,,,,,,,,,,,,,,,,,,,,,,,,,,,,,,,,,,,,,,,
,,,,,,2053,,,,,,,,,,,,,,,,,,,,,,,,,,,,,,,,,,,,,,,,,,,,,,,,,,,,,,,,,,
,,,,,,,,,,,,,,,,,,,,,,,Kwoty nominalne,,,,,,,,,,,,,,,,,,,,,,,,,,,,,,,,,,,,,,,,,
,,,,-99 458,-106 453,-111 279,-115 250,-118 697,-121 898,-122 859,-123 035,-122 649,-120 173,-131 352,-151 619,-158 427,-128 913,-40 161,64 459,130 709,159 058,,Saldo roczne [mln zł],,,,,,,,,,,,,,,,,,,,,,,,,,,,,,,,,,,,,-68 871 -87 844,,,,
,,,,217 067,231 344,245 525,260 103,275 376,291 427,308 787,327 304,388 098,503 960,635 479,783 623,967 366,1 211 174,1 539 638,1 950 545,2 444 481,3 032 273,,Wpływy składkowe [mln zł],,,,,,,,,,,,,,,,,,,,,,,,,,,,,,,,,,,,,185 707 202 142,,,,
,,,,316 525,337 797,356 804,375 353,394 073,413 325,431 646,450 339,510 746,624 133,766 831,935 242,1 125 793,1 340 087,1 579 799,1 886 086,2 313 772,2 873 215,,Wydatki [mln zł],,,,,,,,,,,,,,,,,,,,,,,,,,,,,,,,,,,,,254 578 289 986,,,,
,,,,,,,,,,,,,,,,,,,,,,,Wydolność systemu,,,,,,,,,,,,,,,,,,,,,,,,,,,,,,,,,,,,,,,,,
,,,,69%,68%,69%,69%,70%,71%,72%,73%,76%,81%,83%,84%,86%,90%,97%,103%,106%,106%,,emerytalnego,,,,,,,,,,,,,,,,,,,,,,,,,,,,,,,,,,,,,73% 70%,,,,
,,,,,,,,,,,,,,,,,,,,,,,Kwoty wyrażone jako procent sumy rocznych podstaw wymiaru,,,,,,,,,,,,,,,,,,,,,,,,,,,,,,,,,,,,,,,,,
,,,,,,,,,,,,,,,,,,,,,,,składek na fundusz emerytalny,,,,,,,,,,,,,,,,,,,,,,,,,,,,,,,,,,,,,,,,,
,,,,"-8,86%","-8,92%","-8,80%","-8,63%","-8,41%","-8,18%","-7,80%","-7,39%","-6,24%","-4,70%","-4,03%","-3,72%","-3,13%","-2,03%","-0,50%","0,63%","1,02%","1,00%",,Saldo roczne,,,,,,,,,,,,,,,,,,,,,,,,,,,,,,,,,,,,,"-7,16% -8,40%",,,,
,,,,"19,34%","19,38%","19,42%","19,47%","19,52%","19,57%","19,61%","19,66%","19,75%","19,72%","19,48%","19,21%","19,09%","19,07%","19,07%","19,07%","19,07%","19,07%",,Wpływy składkowe,,,,,,,,,,,,,,,,,,,,,,,,,,,,,,,,,,,,,"19,32% 19,33%",,,,
,,,,"28,21%","28,29%","28,22%","28,09%","27,93%","27,75%","27,42%","27,04%","25,99%","24,42%","23,51%","22,93%","22,21%","21,10%","19,57%","18,44%","18,05%","18,07%",,Wydatki,,,,,,,,,,,,,,,,,,,,,,,,,,,,,,,,,,,,,"26,48% 27,72%",,,,
,,,,,,,,,,,,,,,,,,,,,,,Kwoty zdyskontowane inflacją na 2021 r.,,,,,,,,,,,,,,,,,,,,,,,,,,,,,,,,,,,,,,,,,
,,,,-73 862,-77 129,-78 659,-79 479,-79 859,-80 013,-78 677,-76 867,-71 155,-61 621,-59 531,-60 735,-56 091,-40 341,-11 108,15 758,28 242,30 376,,Saldo roczne [mln zł],,,,,,,,,,,,,,,,,,,,,,,,,,,,,,,,,,,,,-55 263 -67 260,,,,
,,,,161 204,167 616,173 552,179 373,185 273,191 290,197 741,204 487,225 157,258 416,288 009,313 901,342 497,379 012,425 840,476 830,528 172,579 079,,Wpływy składkowe [mln zł],,,,,,,,,,,,,,,,,,,,,,,,,,,,,,,,,,,,,149 015 154 773,,,,
,,,,235 066,244 745,252 211,258 851,265 133,271 303,276 418,281 355,296 312,320 037,347 539,374 636,398 588,419 353,436 947,461 073,499 930,548 703,,Wydatki [mln zł],,,,,,,,,,,,,,,,,,,,,,,,,,,,,,,,,,,,,204 278 222 033,,,,
,,,,,,,,,,,,,,,,,,,,,,,Kwoty wyrażone w procencie PKB,,,,,,,,,,,,,,,,,,,,,,,,,,,,,,,,,,,,,,,,,
,,,,"-2,6%","-2,6%","-2,6%","-2,5%","-2,5%","-2,4%","-2,3%","-2,2%","-1,8%","-1,4%","-1,2%","-1,1%","-0,9%","-0,6%","-0,2%","0,2%","0,3%","0,3%",,Saldo roczne,,,,,,,,,,,,,,,,,,,,,,,,,,,,,,,,,,,,,"-2,1% -2,4%",,,,
,,,,"5,6%","5,7%","5,7%","5,7%","5,7%","5,7%","5,7%","5,7%","5,8%","5,9%","5,8%","5,8%","5,8%","5,8%","5,9%","5,9%","6,0%","6,0%",,Wpływy składkowe,,,,,,,,,,,,,,,,,,,,,,,,,,,,,,,,,,,,,"5,6% 5,6%",,,,
,,,,"8,2%","8,3%","8,2%","8,2%","8,1%","8,1%","8,0%","7,9%","7,6%","7,3%","7,1%","6,9%","6,7%","6,4%","6,0%","5,7%","5,7%","5,7%",,Wydatki,,,,,,,,,,,,,,,,,,,,,,,,,,,,,,,,,,,,,"7,6% 8,0%",,,,
,,,,,,,,,,,,,,,,,,,,,,,Liczby - stan na koniec roku,,,,,,,,,,,,,,,,,,,,,,,,,,,,,,,,,,,,,,,,,
,,,,16 537,16 537,16 493,16 422,16 356,16 278,16 253,16 225,16 093,15 675,15 040,14 175,13 341,12 727,12 327,11 926,11 433,10 890,,Ubezpieczeni [tys.],,,,,,,,,,,,,,,,,,,,,,,,,,,,,,,,,,,,,16 535 16 552,,,,
,,,,,,,,,,,,,,,,,,,,,,,Emeryci - fundusz emerytalny,,,,,,,,,,,,,,,,,,,,,,,,,,,,,,,,,,,,,,,,,
,,,,6 713,6 782,6 846,6 889,6 931,6 973,7 014,7 061,7 260,7 815,8 546,9 137,9 447,9 456,9 205,8 923,8 674,8 418,,[tys.],,,,,,,,,,,,,,,,,,,,,,,,,,,,,,,,,,,,,6 550 6 635,,,,
,,,,,,,,,,,,,,,,,,,,,,,Współczynnik obciążenia,,,,,,,,,,,,,,,,,,,,,,,,,,,,,,,,,,,,,,,,,
,,,,"0,41","0,41","0,42","0,42","0,42","0,43","0,43","0,44","0,45","0,50","0,57","0,64","0,71","0,74","0,75","0,75","0,76","0,77",,systemowego,,,,,,,,,,,,,,,,,,,,,,,,,,,,,,,,,,,,,"0,40 0,40",,,,
,,,,,,,,,,,,,,,,,,,,,,,,,,,,,,,,,,,,,,,,,,,,,,,,,,,,,,,,,,,,,,6002029 2027,30%,
,,,,,,,,,,,,,,,,,,,,,,,,,,,,,,,,,,,,,,,,,,,,,,,,,,,,,,,,,,,,,,2031 2029,,
,,,,,,,,,,,,,,,,,,,,,,,,,,,,,,,,,,,,,,,,,,,,,,,,,,,,,,,,,,,,,,5002033 2031,25%,
,,,,,,,,,,,,,,,,,,,,,,,,,,,,,,,,,,,,,,,,,,,,,,,,,,,,,,,,,,,,,,400 2035 2033,20%,
,,,,,,,,,,,,,,,,,,,,,,,,,,,,,,,,,,,,,,,,,,,,,,,,,,,,,,,,,,,,,,2037 2035,,
,,,,,,,,,,,,,,,,,,,,,,,,,,,,,,,,,,,,,,,,,,,,,,,,,,,,,,,,,,,,,,30020392037,15%,
,,,,,,,,,,,,,,,,,,,,,,,,,,,,,,,,,,,,,,,,,,,,,,,,,,,,,,,,,,,,,,2041,,
,,,,,,,,,,,,,,,,,,,,,,,,,,,,,,,,,,,,,,,,,,,,,,,,,,,,,,,,,,,,,,2039,10%,
,,,,,,,,,,,,,,,,,,,,,,,,,,,,,,,,,,,,,,,,,,,,,,,,,,,,,,,,,,,,,,200 20412043,,
,,,,,,,,,,,,,,,,,,,,,,,,,,,,,,,,,,,,,,,,,,,,,,,,,,,,,,,,,,,,,,10020452043,5%,
,,,,,,,,,,,,,,,,,,,,,,,,,,,,,,,,,,,,,,,,,,,,,,,,,,,,,,,,,,,,,,0%20472045,,
,,,,,,,,,,,,,,,,,,,,,,,,,,,,,,,,,,,,,,,,,,,,,,,,,,,,,,,,,,,,,,0 2047,,
,,,,,,,,,,,,,,,,,,,,,,,,,,,,,,,,,,,,,,,,,,,,,,,,,,,,,,,,,,,,,,2049,-5%,
,,,,,,,,,,,,,,,,,,,,,,,,,,,,,,,,,,,,,,,,,,,,,,,,,,,,,,,,,,,,,,2049,,
,,,,,,,,,,,,,,,,,,,,,,,,,,,,,,,,,,,,,,,,,,,,,,,,,,,,,,,,,,,,,,-1002051,,
,,,,,,,,,,,,,,,,,,,,,,,,,,,,,,,,,,,,,,,,,,,,,,,,,,,,,,,,,,,,,,2051,-10%,
,,,,,,,,,,,,,,,,,,,,,,,,,,,,,,,,,,,,,,,,,,,,,,,,,,,,,,,,,,,,,,2053,,
,,,,,,,,,,,,,,,,,,,,,,,,,,,,,,,,,,,,,,,,,,,,,,,,,,,,,,,,,,,,,,-200 2053,,
,,,,,,,,,,,,,,,,,,,,,,,,,,,,,,,,,,,,,,,,,,,,,,,,,,,,,,,,,,,,,,2055,-15%,
,,,,,,,,,,,,,,,,,,,,,,,,,,,,,,,,,,,,,,,,,,,,,,,,,,,,,,,,,,,,,,2055,,
,,,,,,,,,,,,,,,,,,,,,,,,,,,,,,,,,,,,,,,,,,,,,,,,,,,,,,,,,,,,,,2057,,
,,,,,,,,,,,,,,,,,,,,,,,,,,,,,,,,,,,,,,,,,,,,,,,,,,,,,,,,,,,,,,2057,,
,,,,,,,,,,,,,,,,,,,,,,,,,,,,,,,,,,,,,,,,,,,,,,,,,,,,,,,,,,,,,,2059,,
,,,,,,,,,,,,,,,,,,,,,,,,,,,,,,,,,,,,,,,,,,,,,,,,,,,,,,,,,,,,,,2059,,
,,,,,,,,,,,,,,,,,,,,,,,,saldo roczne wpływy,wydatki,,,,,,,,,,,,,,,,,,,,,,,,,,,,,,,,,,,,,2061 saldo roczne wpływy wyd2a0tk6i1,,
,,,,,,,,,,,,,,,,,,,,,,,,,,,,,,,,,,,,,,,,,,,,,,,,,,,,,,,,,,,,,,2063 2063,,
,,,,,,,,,,,,,,,,,,,,,,,,,,,,,,,,,,,,,,,,,,,,,,,,,,,,,,,,,,,,,,2065 2065,,
,,,,,,,,,,,,,,,,,,,,,,,,Wydolność systemu emerytalnego i współczynnik obciążenia systemowego,,,,,,,,,,,,,,,,,,,,,,,,,,,,,,,,,,,,,,2067Liczby ubezpieczonych i emerytów (fundusz emerytalny) 2067,,
,,,,,,,,,,,,,,,,,,,,,,,,,,,,,,,,,,,,,,,,,,,,,,,,,,,,,,,,,,,,,,2069,,
,,,,,,,,,,,,,,,,,,,,,,,,,,,,,,,,,,,,,,,,,,,,,,,,,,,,,,,,,,,,,,18 2071 20692071,120%,
,,,,,,,,,,,,,,,,,,,,,,,,,,,,,,,,,,,,,,,,,,,,,,,,,,,,,,,,,,,,,,2073,,
,,,,,,,,,,,,,,,,,,,,,,,,2065.0,,,,,,,,,,,,,,,,,,,,,,,,,,,,,,,,,,,,,2065,,,
,,,,,,,,,,,,,,,,,,,,,,,,2067.0,,Wydolność systemu emerytalnego i współczynnik obciążenia systemowego,,,,,,,,,,,,,,,,,,,,,,,,,,,,,,,,,,,Liczby ubezpieczonych i emerytów (fundusz emerytalny) 2067,,,
,,,,,,,,,,,,,,,,,,,,,,,,2069.0,,,,,,,,,,,,,,,,,,,,,,,,,,,,,,,,,,,,,,,,
,,,,,,,,,,,,,,,,,,,,,,,18.0,2071.0,120%,,,,,,,,,,,,,,,,,,,,,,,,,,,,,,,,,,,,20692071,,,
,,,,,,,,,,,,,,,,,,,,,,,16.0,2073.0,,,,,,,,,,,,,,,,,,,,,,,,,,,,,,,,,,,,,2073,,,
,,,,,,,,,,,,,,,,,,,,,,,,2075.0,100%,,,,,,,,,,,,,,,,,,,,,,,,,,,,,,,,,,,,2075,,,
,,,,,,,,,,,,,,,,,,,,,,,14.0,2077.0,,,,,,,,,,,,,,,,,,,,,,,,,,,,,,,,,,,,,2077,,,
,,,,,,,,,,,,,,,,,,,,,,,12.0,2079.0,80%,,,,,,,,,,,,,,,,,,,,,,,,,,,,,,,,,,,,2079,,,
,,,,,,,,,,,,,,,,,,,,,,,10.0,,,,,,,,,,,,,,,,,,,,,,,,,,,,,,,,,,,,,,,,,
,,,,,,,,,,,,,,,,,,,,,,,,,60%,,,,,,,,,,,,,,,,,,,,,,,,,,,,,,,,,,,,,,,
,,,,,,,,,,,,,,,,,,,,,,,8.0,,,,,,,,,,,,,,,,,,,,,,,,,,,,,,,,,,,,,,,,,
,,,,,,,,,,,,,,,,,,,,,,,6.0,,40%,,,,,,,,,,,,,,,,,,,,,,,,,,,,,,,,,,,,,,,
,,,,,,,,,,,,,,,,,,,,,,,,2023.0,,,,,,,,,,,,,,,,,,,,,,,,,,,,,,,,,,,,,2023,,,
,,,,,,,,,,,,,,,,,,,,,,,4.0,2025.0,20%,,,,,,,,,,,,,,,,,,,,,,,,,,,,,,,,,,,,2025,,,
,,,,,,,,,,,,,,,,,,,,,,,2.0,2027.0,,,,,,,,,,,,,,,,,,,,,,,,,,,,,,,,,,,,,2027,,,
,,,,,,,,,,,,,,,,,,,,,,,,2029.0,,,,,,,,,,,,,,,,,,,,,,,,,,,,,,,,,,,,,2029,,,
,,,,,,,,,,,,,,,,,,,,,,,0.0,2031.0,0%,,,,,,,,,,,,,,,,,,,,,,,,,,,,,,,,,,,,2031,,,
,,,,,,,,,,,,,,,,,,,,,,,,2033.0,,,,,,,,,,,,,,,,,,,,,,,,,,,,,,,,,,,,,2033,,,
,,,,,,,,,,,,,,,,,,,,,,,,2035.0,,,,,,,,,,,,,,,,,,,,,,,,,,,,,,,,,,,,,2035,,,
,,,,,,,,,,,,,,,,,,,,,,,,2037.0,,,,,,,,,,,,,,,,,,,,,,,,,,,,,,,,,,,,,2037,,,
,,,,,,,,,,,,,,,,,,,,,,,,2039.0,,wydolność wsp. obciążenia,,,,,,,,,,,,,,,,,,,,,,,,,,,,,,,,,,,ubezpieczeni emeryci 2039,,,
,,,,,,,,,,,,,,,,,,,,,,,,2041.0,,,,,,,,,,,,,,,,,,,,,,,,,,,,,,,,,,,,,2041,,,
,,,,,,,,,,,,,,,,,,,,,,,,2043.0,,,,,,,,,,,,,,,,,,,,,,,,,,,,,,,,,,,,,2043,,,
,,,,,,,,,,,,,,,,,,,,,,,,2045.0,52,,,,,,,,,,,,,,,,,,,,,,,,,,,,,,,,,,,,2045,,,
,,,,,,,,,,,,,,,,,,,,,,,,2047.0,,,,,,,,,,,,,,,,,,,,,,,,,,,,,,,,,,,,,2047,,,
,,,,,,,,,,,,,,,,,,,,,,,,2049.0,,,,,,,,,,,,,,,,,,,,,,,,,,,,,,,,,,,,,2049,,,
,,,,,,,,,,,,,,,,,,,,,,,,2051.0,,,,,,,,,,,,,,,,,,,,,,,,,,,,,,,,,,,,,2051,,,
,,,,,,,,,,,,,,,,,,,,,,,,2053.0,,,,,,,,,,,,,,,,,,,,,,,,,,,,,,,,,,,,,2053,,,
,,,,,,,,,,,,,,,,,,,,,,,,2055.0,,,,,,,,,,,,,,,,,,,,,,,,,,,,,,,,,,,,,2055,,,
,,,,,,,,,,,,,,,,,,,,,,,,2057.0,,,,,,,,,,,,,,,,,,,,,,,,,,,,,,,,,,,,,2057,,,
,,,,,,,,,,,,,,,,,,,,,,,,2059.0,,,,,,,,,,,,,,,,,,,,,,,,,,,,,,,,,,,,,2059,,,
,,,,,,,,,,,,,,,,,,,,,,,,2061.0,,,,,,,,,,,,,,,,,,,,,,,,,,,,,,,,,,,,,2061,,,
,,,,,,,,,,,,,,,,,,,,,,,,2063.0,,,,,,,,,,,,,,,,,,,,,,,,,,,,,,,,,,,,,2063,,,
,,,,,,,,,,,,,,,,,,,,,,,,2065.0,,,,,,,,,,,,,,,,,,,,,,,,,,,,,,,,,,,,,2065,,,
,,,,,,,,,,,,,,,,,,,,,,,,2067.0,,,,,,,,,,,,,,,,,,,,,,,,,,,,,,,,,,,,,2067,,,
,,,,,,,,,,,,,,,,,,,,,,,,2069.0,,,,,,,,,,,,,,,,,,,,,,,,,,,,,,,,,,,,,2069,,,
,,,,,,,,,,,,,,,,,,,,,,,,2071.0,,,,,,,,,,,,,,,,,,,,,,,,,,,,,,,,,,,,,2071,,,
,,,,,,,,,,,,,,,,,,,,,,,,2073.0,,,,,,,,,,,,,,,,,,,,,,,,,,,,,,,,,,,,,2073,,,
,,,,,,,,,,,,,,,,,,,,,,,,2075.0,,,,,,,,,,,,,,,,,,,,,,,,,,,,,,,,,,,,,2075,,,
,,,,,,,,,,,,,,,,,,,,,,,,2077.0,,,,,,,,,,,,,,,,,,,,,,,,,,,,,,,,,,,,,2077,,,
,,,,,,,,,,,,,,,,,,,,,,,,2079.0,,,,,,,,,,,,,,,,,,,,,,,,,,,,,,,,,,,,,2079,,,
,38 303,,,38 132,,,,,37 712,,,,36 505,,35 243,,33 926,,32 213,,30 333,,Populacja ogółem,,,,,,,,,,,,,,,,,,,,,,,,,,,,,,,,,,,,,,,,,
,,,,,,,,,,,,,,,,,,,,,,,z tego:,,,,,,,,,,,,,,,,,,,,,,,,,,,,,,,,,,,,,,,,,
,6 994,,,6 918,,,,,6 554,,,,6 010,,5 906,,5 793,,5 444,,5 341,,-w wieku przedprodukcyjnym,,,,,,,,,,,,,,,,,,,,,,,,,,,,,,,,,,,,,,,,,
,22 345,,,21 849,,,,,21 384,,,,19 662,,17 261,,15 989,,15 552,,14 825,,-w wieku produkcyjnym,,,,,,,,,,,,,,,,,,,,,,,,,,,,,,,,,,,,,,,,,
,8 964,,,9 366,,,,,9 774,,,,10 834,,12 075,,12 144,,11 217,,10 167,,-w wieku poprodukcyjnym,,,,,,,,,,,,,,,,,,,,,,,,,,,,,,,,,,,,,,,,,
,,,,,,,,,,,,,,,,,,,,,,,2023,2025,2030,2035,2040,2045,2050,2055,2060,2065,2070,2075,2080,,,,,,,,,,,,,,,,,,,,,,,,,,,,,
,,,,,,,,,,,,,,,,,,,,,,,,,,,,,,,,,,,,,,,,,,,,,,,,,,,,,,,,,,,,,,,,wariantu nr 1
,,,,,,,,,,,,,,,,,,,,,,,,,,,,,,,,,,,,,,,,,,,,,,,,,,,,,,,,,,,,,,,,stopa inflacji
,,,,,,,,,,,,,,,,,,,,,,,"0,0%","0,0%","-0,1%","0,0%","0,0%","0,0%","0,0%","0,0%","0,0%","0,0%","0,0%","0,0%","0,0%",,,,,,,,,,,,,,,,,,,,,,,,,,,,,
,,,,,,,,,,,,,,,,,,,,,,,,,,,,,,,,,,,,,,,,,,,,,,,,,,,,,,,,,,,,,,,,większa o 1 p.p.
,,,,,,,,,,,,,,,,,,,,,,,,,,,,,,,,,,,,,,,,,,,,,,,,,,,,,,,,,,,,,,,,stopa inflacji
,,,,,,,,,,,,,,,,,,,,,,,"0,0%","0,0%","0,1%","0,0%","0,0%","0,0%","0,0%","0,0%","0,0%","0,0%","0,0%","0,0%","0,0%",,,,,,,,,,,,,,,,,,,,,,,,,,,,,
,,,,,,,,,,,,,,,,,,,,,,,,,,,,,,,,,,,,,,,,,,,,,,,,,,,,,,,,,,,,,,,,mniejsza o 1 p.p.
,,,,,,,,,,,,,,,,,,,,,,,,,,,,,,,,,,,,,,,,,,,,,,,,,,,,,,,,,,,,,,,,stopa bezrobocia
,,,,,,,,,,,,,,,,,,,,,,,"-1,0%","-1,0%","-1,0%","-1,0%","-1,0%","-1,0%","-1,0%","-1,0%","-1,0%","-1,0%","-1,0%","-1,0%","-1,0%",,,,,,,,,,,,,,,,,,,,,,,,,,,,,
,,,,,,,,,,,,,,,,,,,,,,,,,,,,,,,,,,,,,,,,,,,,,,,,,,,,,,,,,,,,,,,,większa o 1 p.p.
,,,,,,,,,,,,,,,,,,,,,,,,,,,,,,,,,,,,,,,,,,,,,,,,,,,,,,,,,,,,,,,,stopa bezrobocia
,,,,,,,,,,,,,,,,,,,,,,,"1,0%","1,0%","1,0%","1,0%","1,0%","1,0%","1,0%","1,0%","1,0%","1,0%","1,0%","1,0%","1,0%",,,,,,,,,,,,,,,,,,,,,,,,,,,,,
,,,,,,,,,,,,,,,,,,,,,,,,,,,,,,,,,,,,,,,,,,,,,,,,,,,,,,,,,,,,,,,,mniejsza o 1 p.p.
,,,,,,,,,,,,,,,,,,,,,,,,,,,,,,,,,,,,,,,,,,,,,,,,,,,,,,,,,,,,,,,,realny wzrost wynagrodzeń
,,,,,,,,,,,,,,,,,,,,,,,"2,0%","3,9%","8,8%","14,0%","19,6%","25,7%","32,3%","39,0%","46,0%","53,3%","60,9%","69,0%","77,4%",,,,,,,,,,,,,,,,,,,,,,,,,,,,,
,,,,,,,,,,,,,,,,,,,,,,,,,,,,,,,,,,,,,,,,,,,,,,,,,,,,,,,,,,,,,,,,większy o 1 p.p.
,,,,,,,,,,,,,,,,,,,,,,,,,,,,,,,,,,,,,,,,,,,,,,,,,,,,,,,,,,,,,,,,realny wzrost wynagrodzeń
,,,,,,,,,,,,,,,,,,,,,,,"-1,9%","-3,8%","-8,1%","-12,3%","-16,5%","-20,6%","-24,6%","-28,3%","-31,8%","-35,0%","-38,1%","-41,1%","-43,9%",,,,,,,,,,,,,,,,,,,,,,,,,,,,,
,,,,,,,,,,,,,,,,,,,,,,,,,,,,,,,,,,,,,,,,,,,,,,,,,,,,,,,,,,,,,,,,mniejszy o 1 p.p.
,,,,,,,,,,,,,,,,,,,,,,,,,,,,,,,,,,,,,,,,,,,,,,,,,,,,,,,,,,,,,,,,ściągalność składek
,,,,,,,,,,,,,,,,,,,,,,,"1,0%","1,0%","1,0%","1,0%","1,0%","1,0%","1,0%","1,0%","1,0%","1,0%","1,0%","1,0%","1,0%",,,,,,,,,,,,,,,,,,,,,,,,,,,,,
,,,,,,,,,,,,,,,,,,,,,,,,,,,,,,,,,,,,,,,,,,,,,,,,,,,,,,,,,,,,,,,,większa o 1 p.p.
,,,,,,,,,,,,,,,,,,,,,,,,,,,,,,,,,,,,,,,,,,,,,,,,,,,,,,,,,,,,,,,,ściągalność składek
,,,,,,,,,,,,,,,,,,,,,,,"-1,0%","-1,0%","-1,0%","-1,0%","-1,0%","-1,0%","-1,0%","-1,0%","-1,0%","-1,0%","-1,0%","-1,0%","-1,0%",,,,,,,,,,,,,,,,,,,,,,,,,,,,,
,,,,,,,,,,,,,,,,,,,,,,,,,,,,,,,,,,,,,,,,,,,,,,,,,,,,,,,,,,,,,,,,mniejsza o 1 p.p.
,,,,,,,,,,,,,,,,,,,,,,,,,,,,,,,,,,,,,,,,,,,,,,,,,,,,,,,,,,,,,,,,realna stopa zwrotu z OFE
,,,,,,,,,,,,,,,,,,,,,,,"0,1%","0,1%","0,4%","0,6%","0,6%","0,5%","0,2%","0,0%","0,0%","0,0%","0,0%","0,0%","0,0%",,,,,,,,,,,,,,,,,,,,,,,,,,,,,
,,,,,,,,,,,,,,,,,,,,,,,,,,,,,,,,,,,,,,,,,,,,,,,,,,,,,,,,,,,,,,,,większa o 1 p.p.
,,,,,,,,,,,,,,,,,,,,,,,,,,,,,,,,,,,,,,,,,,,,,,,,,,,,,,,,,,,,,,,,realna stopa zwrotu z OFE
,,,,,,,,,,,,,,,,,,,,,,,"-0,1%","-0,1%","-0,3%","-0,5%","-0,5%","-0,4%","-0,2%","0,0%","0,0%","0,0%","0,0%","0,0%","0,0%",,,,,,,,,,,,,,,,,,,,,,,,,,,,,
,,,,,,,,,,,,,,,,,,,,,,,,,,,,,,,,,,,,,,,,,,,,,,,,,,,,,,,,,,,,,,,,mniejsza o 1 p.p.
,,,,,,,,,,,,,,,,,,,,,,,,,,,,,,,,,,,,,,,,,,,,,,,,,,,,,,,,,,,,,,,,wskaźniki waloryzacji świadczeń
,,,,,,,,,,,,,,,,,,,,,,,"0,0%","0,0%","0,0%","0,0%","0,0%","0,0%","0,0%","0,0%","0,0%","0,0%","0,0%","0,0%","0,0%",,,,,,,,,,,,,,,,,,,,,,,,,,,,,
,,,,,,,,,,,,,,,,,,,,,,,,,,,,,,,,,,,,,,,,,,,,,,,,,,,,,,,,,,,,,,,,większe o 1 p.p.
,,,,,,,,,,,,,,,,,,,,,,,,,,,,,,,,,,,,,,,,,,,,,,,,,,,,,,,,,,,,,,,,wskaźniki waloryzacji świadczeń
,,,,,,,,,,,,,,,,,,,,,,,"0,0%","0,0%","0,0%","0,0%","0,0%","0,0%","0,0%","0,0%","0,0%","0,0%","0,0%","0,0%","0,0%",,,,,,,,,,,,,,,,,,,,,,,,,,,,,
,,,,,,,,,,,,,,,,,,,,,,,,,,,,,,,,,,,,,,,,,,,,,,,,,,,,,,,,,,,,,,,,mniejsze o 1 p.p.
,,,,,,,,,,,,,,,,,,,,,,,,,,,,,,,,,,,,,,,,,,,,,,,,,,,,,,,,,,,,,,,,prognoza demograficzna MF z 2019
,,,,,,,,,,,,,,,,,,,,,,,"0,2%","0,2%","0,2%","-0,2%","-0,6%","-0,2%","0,9%","2,2%","3,2%","4,1%","5,5%","7,7%","10,5%",,,,,,,,,,,,,,,,,,,,,,,,,,,,,
,,,,,,,,,,,,,,,,,,,,,,,,,,,,,,,,,,,,,,,,,,,,,,,,,,,,,,,,,,,,,,,,r.
,,,,,,,,,,,,,,,,,,,,,,,2023,2025,2030,2035,2040,2045,2050,2055,2060,2065,2070,2075,2080,,,,,,,,,,,,,,,,,,,,,,,,,,,,,
,,,,,,,,,,,,,,,,,,,,,,,,,,,,,,,,,,,,,,,,,,,,,,,,,,,,,,,,,,,,,,,,wariantu nr 1
,,,,,,,,,,,,,,,,,,,,,,,,,,,,,,,,,,,,,,,,,,,,,,,,,,,,,,,,,,,,,,,,stopa inflacji
,,,,,,,,,,,,,,,,,,,,,,,"0,0%","0,0%","0,0%","0,0%","0,0%","0,0%","0,0%","0,0%","0,0%","0,0%","0,0%","0,0%","0,0%",,,,,,,,,,,,,,,,,,,,,,,,,,,,,
,,,,,,,,,,,,,,,,,,,,,,,,,,,,,,,,,,,,,,,,,,,,,,,,,,,,,,,,,,,,,,,,większa o 1 p.p.
,,,,,,,,,,,,,,,,,,,,,,,,,,,,,,,,,,,,,,,,,,,,,,,,,,,,,,,,,,,,,,,,stopa inflacji
,,,,,,,,,,,,,,,,,,,,,,,"0,0%","0,0%","0,0%","0,0%","0,0%","0,0%","0,0%","0,0%","0,0%","0,0%","0,0%","0,0%","0,0%",,,,,,,,,,,,,,,,,,,,,,,,,,,,,
,,,,,,,,,,,,,,,,,,,,,,,,,,,,,,,,,,,,,,,,,,,,,,,,,,,,,,,,,,,,,,,,mniejsza o 1 p.p.
,,,,,,,,,,,,,,,,,,,,,,,,,,,,,,,,,,,,,,,,,,,,,,,,,,,,,,,,,,,,,,,,stopa bezrobocia
,,,,,,,,,,,,,,,,,,,,,,,"-1,0%","-1,0%","-1,0%","-1,0%","-1,0%","-1,0%","-1,0%","-1,0%","-1,0%","-1,0%","-1,0%","-1,0%","-1,0%",,,,,,,,,,,,,,,,,,,,,,,,,,,,,
,,,,,,,,,,,,,,,,,,,,,,,,,,,,,,,,,,,,,,,,,,,,,,,,,,,,,,,,,,,,,,,,większa o 1 p.p.
,,,,,,,,,,,,,,,,,,,,,,,,,,,,,,,,,,,,,,,,,,,,,,,,,,,,,,,,,,,,,,,,stopa bezrobocia
,,,,,,,,,,,,,,,,,,,,,,,"1,0%","1,0%","1,0%","1,0%","1,0%","1,0%","1,0%","1,0%","1,0%","1,0%","1,0%","1,0%","1,0%",,,,,,,,,,,,,,,,,,,,,,,,,,,,,
,,,,,,,,,,,,,,,,,,,,,,,,,,,,,,,,,,,,,,,,,,,,,,,,,,,,,,,,,,,,,,,,mniejsza o 1 p.p.
,,,,,,,,,,,,,,,,,,,,,,,,,,,,,,,,,,,,,,,,,,,,,,,,,,,,,,,,,,,,,,,,realny wzrost wynagrodzeń
,,,,,,,,,,,,,,,,,,,,,,,"2,0%","4,0%","9,2%","14,6%","20,2%","26,2%","32,5%","39,1%","46,0%","53,3%","60,9%","69,0%","77,4%",,,,,,,,,,,,,,,,,,,,,,,,,,,,,
,,,,,,,,,,,,,,,,,,,,,,,,,,,,,,,,,,,,,,,,,,,,,,,,,,,,,,,,,,,,,,,,większy o 1 p.p.
,,,,,,,,,,,,,,,,,,,,,,,,,,,,,,,,,,,,,,,,,,,,,,,,,,,,,,,,,,,,,,,,realny wzrost wynagrodzeń
,,,,,,,,,,,,,,,,,,,,,,,"-2,0%","-3,9%","-8,5%","-12,8%","-17,0%","-21,0%","-24,7%","-28,3%","-31,8%","-35,0%","-38,2%","-41,1%","-44,0%",,,,,,,,,,,,,,,,,,,,,,,,,,,,,
,,,,,,,,,,,,,,,,,,,,,,,,,,,,,,,,,,,,,,,,,,,,,,,,,,,,,,,,,,,,,,,,mniejszy o 1 p.p.
,,,,,,,,,,,,,,,,,,,,,,,,,,,,,,,,,,,,,,,,,,,,,,,,,,,,,,,,,,,,,,,,ściągalność składek
,,,,,,,,,,,,,,,,,,,,,,,"1,0%","1,0%","1,0%","1,0%","1,0%","1,0%","1,0%","1,0%","1,0%","1,0%","1,0%","1,0%","1,0%",,,,,,,,,,,,,,,,,,,,,,,,,,,,,
,,,,,,,,,,,,,,,,,,,,,,,,,,,,,,,,,,,,,,,,,,,,,,,,,,,,,,,,,,,,,,,,większa o 1 p.p.
,,,,,,,,,,,,,,,,,,,,,,,,,,,,,,,,,,,,,,,,,,,,,,,,,,,,,,,,,,,,,,,,ściągalność składek
,,,,,,,,,,,,,,,,,,,,,,,"-1,0%","-1,0%","-1,0%","-1,0%","-1,0%","-1,0%","-1,0%","-1,0%","-1,0%","-1,0%","-1,0%","-1,0%","-1,0%",,,,,,,,,,,,,,,,,,,,,,,,,,,,,
,,,,,,,,,,,,,,,,,,,,,,,,,,,,,,,,,,,,,,,,,,,,,,,,,,,,,,,,,,,,,,,,mniejsza o 1 p.p.
,,,,,,,,,,,,,,,,,,,,,,,,,,,,,,,,,,,,,,,,,,,,,,,,,,,,,,,,,,,,,,,,realna stopa zwrotu z OFE
,,,,,,,,,,,,,,,,,,,,,,,"0,0%","0,0%","0,0%","0,0%","0,0%","0,0%","0,0%","0,0%","0,0%","0,0%","0,0%","0,0%","0,0%",,,,,,,,,,,,,,,,,,,,,,,,,,,,,
,,,,,,,,,,,,,,,,,,,,,,,,,,,,,,,,,,,,,,,,,,,,,,,,,,,,,,,,,,,,,,,,większa o 1 p.p.
,,,,,,,,,,,,,,,,,,,,,,,,,,,,,,,,,,,,,,,,,,,,,,,,,,,,,,,,,,,,,,,,realna stopa zwrotu z OFE
,,,,,,,,,,,,,,,,,,,,,,,"0,0%","0,0%","0,0%","0,0%","0,0%","0,0%","0,0%","0,0%","0,0%","0,0%","0,0%","0,0%","0,0%",,,,,,,,,,,,,,,,,,,,,,,,,,,,,
,,,,,,,,,,,,,,,,,,,,,,,,,,,,,,,,,,,,,,,,,,,,,,,,,,,,,,,,,,,,,,,,mniejsza o 1 p.p.
,,,,,,,,,,,,,,,,,,,,,,,,,,,,,,,,,,,,,,,,,,,,,,,,,,,,,,,,,,,,,,,,wskaźniki waloryzacji
,,,,,,,,,,,,,,,,,,,,,,,"0,0%","0,0%","0,0%","0,0%","0,0%","0,0%","0,0%","0,0%","0,0%","0,0%","0,0%","0,0%","0,0%",,,,,,,,,,,,,,,,,,,,,,,,,,,,,
,,,,,,,,,,,,,,,,,,,,,,,,,,,,,,,,,,,,,,,,,,,,,,,,,,,,,,,,,,,,,,,,świadczeń większe o 1 p.p.
,,,,,,,,,,,,,,,,,,,,,,,,,,,,,,,,,,,,,,,,,,,,,,,,,,,,,,,,,,,,,,,,wskaźniki waloryzacji
,,,,,,,,,,,,,,,,,,,,,,,"0,0%","0,0%","0,0%","0,0%","0,0%","0,0%","0,0%","0,0%","0,0%","0,0%","0,0%","0,0%","0,0%",,,,,,,,,,,,,,,,,,,,,,,,,,,,,
,,,,,,,,,,,,,,,,,,,,,,,,,,,,,,,,,,,,,,,,,,,,,,,,,,,,,,,,,,,,,,,,świadczeń mniejsze o 1 p.p.
,,,,,,,,,,,,,,,,,,,,,,,,,,,,,,,,,,,,,,,,,,,,,,,,,,,,,,,,,,,,,,,,prognoza demograficzna MF z
,,,,,,,,,,,,,,,,,,,,,,,"0,2%","0,2%","0,2%","-0,3%","-0,7%","-0,3%","0,9%","2,2%","3,2%","4,1%","5,5%","7,7%","10,5%",,,,,,,,,,,,,,,,,,,,,,,,,,,,,
,,,,,,,,,,,,,,,,,,,,,,,,,,,,,,,,,,,,,,,,,,,,,,,,,,,,,,,,,,,,,,,,2019 r.
,,,,,,,,,,,,,,,,,,,,,,,2023,2025,2030,2035,2040,2045,2050,2055,2060,2065,2070,2075,2080,,,,,,,,,,,,,,,,,,,,,,,,,,,,,
,,,,,,,,,,,,,,,,,,,,,,,,,,,,,,,,,,,,,,,,,,,,,,,,,,,,,,,,,,,,,,,,wariantu nr 1
,,,,,,,,,,,,,,,,,,,,,,,,,,,,,,,,,,,,,,,,,,,,,,,,,,,,,,,,,,,,,,,,stopa inflacji
,,,,,,,,,,,,,,,,,,,,,,,"-1,0%","-1,0%","-1,0%","-1,0%","-1,0%","-0,9%","-0,9%","-0,9%","-0,9%","-0,8%","-0,8%","-0,8%","-0,7%",,,,,,,,,,,,,,,,,,,,,,,,,,,,,
,,,,,,,,,,,,,,,,,,,,,,,,,,,,,,,,,,,,,,,,,,,,,,,,,,,,,,,,,,,,,,,,większa o 1 p.p.
,,,,,,,,,,,,,,,,,,,,,,,,,,,,,,,,,,,,,,,,,,,,,,,,,,,,,,,,,,,,,,,,stopa inflacji
,,,,,,,,,,,,,,,,,,,,,,,"1,0%","1,1%","1,0%","1,0%","1,0%","1,0%","0,9%","0,9%","0,9%","0,9%","0,8%","0,8%","0,7%",,,,,,,,,,,,,,,,,,,,,,,,,,,,,
,,,,,,,,,,,,,,,,,,,,,,,,,,,,,,,,,,,,,,,,,,,,,,,,,,,,,,,,,,,,,,,,mniejsza o 1 p.p.
,,,,,,,,,,,,,,,,,,,,,,,,,,,,,,,,,,,,,,,,,,,,,,,,,,,,,,,,,,,,,,,,stopa bezrobocia
,,,,,,,,,,,,,,,,,,,,,,,"0,0%","-0,1%","-0,1%","-0,2%","-0,3%","-0,4%","-0,4%","-0,5%","-0,5%","-0,6%","-0,6%","-0,7%","-0,8%",,,,,,,,,,,,,,,,,,,,,,,,,,,,,
,,,,,,,,,,,,,,,,,,,,,,,,,,,,,,,,,,,,,,,,,,,,,,,,,,,,,,,,,,,,,,,,większa o 1 p.p.
,,,,,,,,,,,,,,,,,,,,,,,,,,,,,,,,,,,,,,,,,,,,,,,,,,,,,,,,,,,,,,,,stopa bezrobocia
,,,,,,,,,,,,,,,,,,,,,,,"0,0%","0,1%","0,1%","0,2%","0,3%","0,4%","0,4%","0,5%","0,5%","0,6%","0,7%","0,7%","0,8%",,,,,,,,,,,,,,,,,,,,,,,,,,,,,
,,,,,,,,,,,,,,,,,,,,,,,,,,,,,,,,,,,,,,,,,,,,,,,,,,,,,,,,,,,,,,,,mniejsza o 1 p.p.
,,,,,,,,,,,,,,,,,,,,,,,,,,,,,,,,,,,,,,,,,,,,,,,,,,,,,,,,,,,,,,,,realny wzrost wynagrodzeń
,,,,,,,,,,,,,,,,,,,,,,,"0,0%","0,5%","2,3%","4,6%","7,4%","10,8%","14,8%","19,2%","23,8%","28,9%","34,7%","41,6%","49,0%",,,,,,,,,,,,,,,,,,,,,,,,,,,,,
,,,,,,,,,,,,,,,,,,,,,,,,,,,,,,,,,,,,,,,,,,,,,,,,,,,,,,,,,,,,,,,,większy o 1 p.p.
,,,,,,,,,,,,,,,,,,,,,,,,,,,,,,,,,,,,,,,,,,,,,,,,,,,,,,,,,,,,,,,,realny wzrost wynagrodzeń
,,,,,,,,,,,,,,,,,,,,,,,"0,0%","-0,4%","-2,1%","-4,2%","-6,6%","-9,4%","-12,4%","-15,5%","-18,5%","-21,6%","-24,9%","-28,4%","-32,0%",,,,,,,,,,,,,,,,,,,,,,,,,,,,,
,,,,,,,,,,,,,,,,,,,,,,,,,,,,,,,,,,,,,,,,,,,,,,,,,,,,,,,,,,,,,,,,mniejszy o 1 p.p.
,,,,,,,,,,,,,,,,,,,,,,,,,,,,,,,,,,,,,,,,,,,,,,,,,,,,,,,,,,,,,,,,ściągalność składek
,,,,,,,,,,,,,,,,,,,,,,,"0,0%","0,0%","0,0%","0,0%","0,0%","0,0%","0,0%","0,0%","0,0%","0,0%","0,0%","0,0%","0,0%",,,,,,,,,,,,,,,,,,,,,,,,,,,,,
,,,,,,,,,,,,,,,,,,,,,,,,,,,,,,,,,,,,,,,,,,,,,,,,,,,,,,,,,,,,,,,,większa o 1 p.p.
,,,,,,,,,,,,,,,,,,,,,,,,,,,,,,,,,,,,,,,,,,,,,,,,,,,,,,,,,,,,,,,,ściągalność składek
,,,,,,,,,,,,,,,,,,,,,,,"0,0%","0,0%","0,0%","0,0%","0,0%","0,0%","0,0%","0,0%","0,0%","0,0%","0,0%","0,0%","0,0%",,,,,,,,,,,,,,,,,,,,,,,,,,,,,
,,,,,,,,,,,,,,,,,,,,,,,,,,,,,,,,,,,,,,,,,,,,,,,,,,,,,,,,,,,,,,,,mniejsza o 1 p.p.
,,,,,,,,,,,,,,,,,,,,,,,,,,,,,,,,,,,,,,,,,,,,,,,,,,,,,,,,,,,,,,,,realna stopa zwrotu z OFE
,,,,,,,,,,,,,,,,,,,,,,,"0,0%","0,0%","0,0%","0,1%","0,2%","0,3%","0,4%","0,4%","0,4%","0,3%","0,2%","0,1%","0,1%",,,,,,,,,,,,,,,,,,,,,,,,,,,,,
,,,,,,,,,,,,,,,,,,,,,,,,,,,,,,,,,,,,,,,,,,,,,,,,,,,,,,,,,,,,,,,,większa o 1 p.p.
,,,,,,,,,,,,,,,,,,,,,,,,,,,,,,,,,,,,,,,,,,,,,,,,,,,,,,,,,,,,,,,,realna stopa zwrotu z OFE
,,,,,,,,,,,,,,,,,,,,,,,"0,0%","0,0%","0,0%","-0,1%","-0,1%","-0,2%","-0,3%","-0,3%","-0,3%","-0,3%","-0,2%","-0,1%","-0,1%",,,,,,,,,,,,,,,,,,,,,,,,,,,,,
,,,,,,,,,,,,,,,,,,,,,,,,,,,,,,,,,,,,,,,,,,,,,,,,,,,,,,,,,,,,,,,,mniejsza o 1 p.p.
,,,,,,,,,,,,,,,,,,,,,,,,,,,,,,,,,,,,,,,,,,,,,,,,,,,,,,,,,,,,,,,,wskaźniki waloryzacji świadczeń
,,,,,,,,,,,,,,,,,,,,,,,"0,7%","2,4%","6,2%","9,5%","11,8%","13,4%","14,3%","15,0%","15,8%","16,7%","17,1%","16,9%","16,6%",,,,,,,,,,,,,,,,,,,,,,,,,,,,,
,,,,,,,,,,,,,,,,,,,,,,,,,,,,,,,,,,,,,,,,,,,,,,,,,,,,,,,,,,,,,,,,większe o 1 p.p.
,,,,,,,,,,,,,,,,,,,,,,,,,,,,,,,,,,,,,,,,,,,,,,,,,,,,,,,,,,,,,,,,wskaźniki waloryzacji świadczeń
,,,,,,,,,,,,,,,,,,,,,,,"-0,7%","-2,3%","-5,9%","-8,6%","-10,4%","-11,4%","-12,0%","-12,4%","-13,0%","-13,6%","-13,9%","-13,7%","-13,4%",,,,,,,,,,,,,,,,,,,,,,,,,,,,,
,,,,,,,,,,,,,,,,,,,,,,,,,,,,,,,,,,,,,,,,,,,,,,,,,,,,,,,,,,,,,,,,mniejsze o 1 p.p.
,,,,,,,,,,,,,,,,,,,,,,,,,,,,,,,,,,,,,,,,,,,,,,,,,,,,,,,,,,,,,,,,prognoza demograficzna MF z 2019
,,,,,,,,,,,,,,,,,,,,,,,"-0,8%","-0,6%","-0,1%","0,0%","-0,6%","-1,6%","-2,0%","-2,0%","-1,9%","-1,9%","-2,0%","-1,9%","-1,7%",,,,,,,,,,,,,,,,,,,,,,,,,,,,,
,,,,,,,,,,,,,,,,,,,,,,,,,,,,,,,,,,,,,,,,,,,,,,,,,,,,,,,,,,,,,,,,r.
,,,,,,,,,,,,,,,,,,,,,,,2023,2025,2030,2035,2040,2045,2050,2055,2060,2065,2070,2075,2080,,,,,,,,,,,,,,,,,,,,,,,,,,,,,
,,,,,,,,,,,,,,,,,,,,,,,,,,,,,,,,,,,,,,,,,,,,,,,,,,,,,,,,,,,,,,,,wariantu nr 1
,,,,,,,,,,,,,,,,,,,,,,,,,,,,,,,,,,,,,,,,,,,,,,,,,,,,,,,,,,,,,,,,stopa inflacji
,,,,,,,,,,,,,,,,,,,,,,,"2,0","2,4","2,6","2,8","2,9","3,0","3,1","3,1","3,1","3,1","3,1","3,1","3,1",,,,,,,,,,,,,,,,,,,,,,,,,,,,,
,,,,,,,,,,,,,,,,,,,,,,,,,,,,,,,,,,,,,,,,,,,,,,,,,,,,,,,,,,,,,,,,większa o 1 p.p.
,,,,,,,,,,,,,,,,,,,,,,,,,,,,,,,,,,,,,,,,,,,,,,,,,,,,,,,,,,,,,,,,stopa inflacji
,,,,,,,,,,,,,,,,,,,,,,,"-2,0","-2,4","-2,7","-2,8","-3,0","-3,1","-3,2","-3,3","-3,2","-3,2","-3,1","-3,1","-3,1",,,,,,,,,,,,,,,,,,,,,,,,,,,,,
,,,,,,,,,,,,,,,,,,,,,,,,,,,,,,,,,,,,,,,,,,,,,,,,,,,,,,,,,,,,,,,,mniejsza o 1 p.p.
,,,,,,,,,,,,,,,,,,,,,,,,,,,,,,,,,,,,,,,,,,,,,,,,,,,,,,,,,,,,,,,,stopa bezrobocia
,,,,,,,,,,,,,,,,,,,,,,,"-1,4","-1,4","-1,3","-1,3","-1,3","-1,2","-1,0","-0,9","-0,8","-0,8","-0,8","-0,6","-0,4",,,,,,,,,,,,,,,,,,,,,,,,,,,,,
,,,,,,,,,,,,,,,,,,,,,,,,,,,,,,,,,,,,,,,,,,,,,,,,,,,,,,,,,,,,,,,,większa o 1 p.p.
,,,,,,,,,,,,,,,,,,,,,,,,,,,,,,,,,,,,,,,,,,,,,,,,,,,,,,,,,,,,,,,,stopa bezrobocia
,,,,,,,,,,,,,,,,,,,,,,,"1,4","1,4","1,3","1,3","1,3","1,1","1,0","0,8","0,8","0,8","0,8","0,6","0,4",,,,,,,,,,,,,,,,,,,,,,,,,,,,,
,,,,,,,,,,,,,,,,,,,,,,,,,,,,,,,,,,,,,,,,,,,,,,,,,,,,,,,,,,,,,,,,mniejsza o 1 p.p.
,,,,,,,,,,,,,,,,,,,,,,,,,,,,,,,,,,,,,,,,,,,,,,,,,,,,,,,,,,,,,,,,realny wzrost wynagrodzeń
,,,,,,,,,,,,,,,,,,,,,,,"2,8","4,8","9,3","14,9","20,9","26,0","30,1","35,0","43,3","56,6","69,9","77,6","80,2",,,,,,,,,,,,,,,,,,,,,,,,,,,,,
,,,,,,,,,,,,,,,,,,,,,,,,,,,,,,,,,,,,,,,,,,,,,,,,,,,,,,,,,,,,,,,,większy o 1 p.p.
,,,,,,,,,,,,,,,,,,,,,,,,,,,,,,,,,,,,,,,,,,,,,,,,,,,,,,,,,,,,,,,,realny wzrost wynagrodzeń
,,,,,,,,,,,,,,,,,,,,,,,"-2,8","-4,9","-8,7","-12,6","-16,3","-18,4","-19,0","-19,7","-22,3","-27,6","-31,8","-31,7","-27,9",,,,,,,,,,,,,,,,,,,,,,,,,,,,,
,,,,,,,,,,,,,,,,,,,,,,,,,,,,,,,,,,,,,,,,,,,,,,,,,,,,,,,,,,,,,,,,mniejszy o 1 p.p.
,,,,,,,,,,,,,,,,,,,,,,,,,,,,,,,,,,,,,,,,,,,,,,,,,,,,,,,,,,,,,,,,ściągalność składek
,,,,,,,,,,,,,,,,,,,,,,,"1,4","1,5","1,7","2,0","2,2","2,4","2,6","2,7","2,9","3,2","3,4","3,6","3,8",,,,,,,,,,,,,,,,,,,,,,,,,,,,,
,,,,,,,,,,,,,,,,,,,,,,,,,,,,,,,,,,,,,,,,,,,,,,,,,,,,,,,,,,,,,,,,większa o 1 p.p.
,,,,,,,,,,,,,,,,,,,,,,,,,,,,,,,,,,,,,,,,,,,,,,,,,,,,,,,,,,,,,,,,ściągalność składek
,,,,,,,,,,,,,,,,,,,,,,,"-1,4","-1,5","-1,7","-2,0","-2,2","-2,4","-2,6","-2,7","-2,9","-3,2","-3,4","-3,6","-3,8",,,,,,,,,,,,,,,,,,,,,,,,,,,,,
,,,,,,,,,,,,,,,,,,,,,,,,,,,,,,,,,,,,,,,,,,,,,,,,,,,,,,,,,,,,,,,,mniejsza o 1 p.p.
,,,,,,,,,,,,,,,,,,,,,,,,,,,,,,,,,,,,,,,,,,,,,,,,,,,,,,,,,,,,,,,,realna stopa zwrotu z OFE
,,,,,,,,,,,,,,,,,,,,,,,"0,1","0,2","0,6","1,0","1,0","0,3","-0,7","-1,2","-1,3","-1,1","-0,8","-0,5","-0,3",,,,,,,,,,,,,,,,,,,,,,,,,,,,,
,,,,,,,,,,,,,,,,,,,,,,,,,,,,,,,,,,,,,,,,,,,,,,,,,,,,,,,,,,,,,,,,większa o 1 p.p.
,,,,,,,,,,,,,,,,,,,,,,,,,,,,,,,,,,,,,,,,,,,,,,,,,,,,,,,,,,,,,,,,realna stopa zwrotu z OFE
,,,,,,,,,,,,,,,,,,,,,,,"-0,1","-0,2","-0,6","-0,9","-0,8","-0,2","0,7","1,1","1,1","0,9","0,7","0,4","0,2",,,,,,,,,,,,,,,,,,,,,,,,,,,,,
,,,,,,,,,,,,,,,,,,,,,,,,,,,,,,,,,,,,,,,,,,,,,,,,,,,,,,,,,,,,,,,,mniejsza o 1 p.p.
,,,,,,,,,,,,,,,,,,,,,,,,,,,,,,,,,,,,,,,,,,,,,,,,,,,,,,,,,,,,,,,,wskaźniki waloryzacji
,,,,,,,,,,,,,,,,,,,,,,,"-1,4","-5,6","-16,8","-27,5","-36,4","-43,7","-49,0","-53,4","-57,8","-61,9","-65,2","-67,8","-70,4",,,,,,,,,,,,,,,,,,,,,,,,,,,,,
,,,,,,,,,,,,,,,,,,,,,,,,,,,,,,,,,,,,,,,,,,,,,,,,,,,,,,,,,,,,,,,,świadczeń większe o 1 p.p.
,,,,,,,,,,,,,,,,,,,,,,,,,,,,,,,,,,,,,,,,,,,,,,,,,,,,,,,,,,,,,,,,wskaźniki waloryzacji
,,,,,,,,,,,,,,,,,,,,,,,"1,4","5,5","15,8","24,9","31,9","37,3","41,1","44,3","47,6","50,6","52,9","54,7","56,8",,,,,,,,,,,,,,,,,,,,,,,,,,,,,
,,,,,,,,,,,,,,,,,,,,,,,,,,,,,,,,,,,,,,,,,,,,,,,,,,,,,,,,,,,,,,,,świadczeń mniejsze o 1 p.p.
,,,,,,,,,,,,,,,,,,,,,,,,,,,,,,,,,,,,,,,,,,,,,,,,,,,,,,,,,,,,,,,,prognoza demograficzna MF z
,,,,,,,,,,,,,,,,,,,,,,,"1,8","1,7","0,6","-0,6","0,4","4,6","9,2","13,0","15,9","19,7","25,9","34,8","46,1",,,,,,,,,,,,,,,,,,,,,,,,,,,,,
,,,,,,,,,,,,,,,,,,,,,,,,,,,,,,,,,,,,,,,,,,,,,,,,,,,,,,,,,,,,,,,,2019 r.
,,,,,,,,,,,,,,,,,,,,,,,wyszczególnienie,2023,2025,2030,2035,2040,2045,2050,2055,2060,2065,2070,2075,2080,,,,,,,,,,,,,,,,,,,,,,,,,,,,
,,,,,,,,,,,,,,,,,,,,,,,,,,,,,,,,,,,,,,,,,,,,,,,,,,,,,,,,,,,,,,,,wariantu nr 1
,,,,,,,,,,,,,,,,,,,,,,,wpływy* (w %),"0,0%","-0,1%","-0,2%","-0,2%","-0,2%","-0,2%","-0,2%","-0,2%","-0,2%","-0,2%","-0,2%","-0,2%","-0,1%",,,,,,,,,,,,,,,,,,,,,,,,,,,,
,,,,,,,,,,,,,,,,,,,,,,,,,,,,,,,,,,,,,,,,,,,,,,,,,,,,,,,,,,,,,,,,wzrost
,,,,,,,,,,,,,,,,,,,,,,,wydatki (w %),"-0,1%","-0,2%","-0,5%","-0,7%","-0,8%","-0,9%","-0,8%","-0,7%","-0,7%","-0,7%","-0,7%","-0,7%","-0,6%",,,,,,,,,,,,,,,,,,,,,,,,,,,,współczynników
,,,,,,,,,,,,,,,,,,,,,,,,,,,,,,,,,,,,,,,,,,,,,,,,,,,,,,,,,,,,,,,,śmiertelności o 5%
,,,,,,,,,,,,,,,,,,,,,,,saldo roczne (w mld zł),"0,1","0,4","1,0","1,6","2,0","2,2","2,2","2,1","2,0","2,0","2,1","2,1","1,9",,,,,,,,,,,,,,,,,,,,,,,,,,,,
,,,,,,,,,,,,,,,,,,,,,,,wpływy* (w %),"0,0%","0,1%","0,2%","0,2%","0,2%","0,2%","0,2%","0,2%","0,2%","0,2%","0,2%","0,2%","0,1%",,,,,,,,,,,,,,,,,,,,,,,,,,,,
,,,,,,,,,,,,,,,,,,,,,,,,,,,,,,,,,,,,,,,,,,,,,,,,,,,,,,,,,,,,,,,,spadek
,,,,,,,,,,,,,,,,,,,,,,,wydatki (w %),"0,1%","0,2%","0,5%","0,7%","0,9%","0,9%","0,9%","0,8%","0,7%","0,7%","0,7%","0,7%","0,6%",,,,,,,,,,,,,,,,,,,,,,,,,,,,współczynników
,,,,,,,,,,,,,,,,,,,,,,,,,,,,,,,,,,,,,,,,,,,,,,,,,,,,,,,,,,,,,,,,śmiertelności o 5%
,,,,,,,,,,,,,,,,,,,,,,,saldo roczne (w mld zł),"-0,1","-0,4","-1,0","-1,7","-2,1","-2,4","-2,4","-2,2","-2,1","-2,1","-2,2","-2,2","-1,9",,,,,,,,,,,,,,,,,,,,,,,,,,,,
